CONTEXT,SEX,GROUP,EXPANSION,VALUE
10650,FEMALE,Dental mandibular (permanent),L M1 buccolingual,9.3
10650,FEMALE,Mandibular,M< Mandibular Angle,128
10650,FEMALE,Mandibular,RB' Minimum Ramus B L,29.9
10650,FEMALE,Mandibular,CrH Coronoid Height L,54
10650,FEMALE,Mandibular,RH Ramus Height L,61
10650,FEMALE,Dental mandibular (permanent),L canine buccolingual,6.9
10650,FEMALE,Dental mandibular (permanent),L canine mesiodistal,5.6
10650,FEMALE,Dental mandibular (permanent),L M1 mesiodistal,9.2
10650,FEMALE,Post-Cranial,CLL1 L,133.9
10650,FEMALE,Post-Cranial,GLL R,36.8
10650,FEMALE,Post-Cranial,GLB R,21.9
10650,FEMALE,Post-Cranial,HuL1 R,294
10650,FEMALE,Post-Cranial,HuHD R,40
10650,FEMALE,Post-Cranial,HuHD L,39.9
10650,FEMALE,Post-Cranial,HuD1 R,17.7
10650,FEMALE,Post-Cranial,HuD2 R,15.7
10650,FEMALE,Post-Cranial,HuE1 R,54.8
10650,FEMALE,Post-Cranial,RaL L,215
10650,FEMALE,Post-Cranial,RaHD L,18.1
10656,FEMALE,Dental maxillary (permanent),L canine buccolingual,7.3
10656,FEMALE,Dental maxillary (permanent),L canine mesiodistal,6.6
10656,FEMALE,Dental mandibular (permanent),R M1 mesiodistal,10.5
10656,FEMALE,Dental mandibular (permanent),L M1 buccolingual,9.7
10656,FEMALE,Mandibular,M< Mandibular Angle,120
10656,FEMALE,Mandibular,RB' Minimum Ramus B R,31.2
10656,FEMALE,Mandibular,RB' Minimum Ramus B L,31.6
10656,FEMALE,Mandibular,CrH Coronoid Height R,66.8
10656,FEMALE,Mandibular,CrH Coronoid Height L,66.4
10656,FEMALE,Mandibular,RH Ramus Height R,64.7
10656,FEMALE,Mandibular,RH Ramus Height L,61.8
10656,FEMALE,Dental mandibular (permanent),R M1 buccolingual,9.5
10656,FEMALE,Post-Cranial,BW,52.2
10656,FEMALE,Dental maxillary (permanent),R M1 buccolingual,9.8
10656,FEMALE,Dental maxillary (permanent),R M1 mesiodistal,9.9
10656,FEMALE,Dental maxillary (permanent),L M1 buccolingual,10.8
10656,FEMALE,Dental maxillary (permanent),L M1 mesiodistal,9.5
10656,FEMALE,Dental mandibular (permanent),L canine buccolingual,7.6
10656,FEMALE,Dental mandibular (permanent),L canine mesiodistal,5.9
10656,FEMALE,Dental mandibular (permanent),L M1 mesiodistal,9.5
10656,FEMALE,Post-Cranial,CLL1 R,140.7
10656,FEMALE,Post-Cranial,GLB R,25.9
10656,FEMALE,Post-Cranial,GLB L,25.9
10656,FEMALE,Post-Cranial,HuL1 L,328
10656,FEMALE,Post-Cranial,HuHD L,44.5
10656,FEMALE,Post-Cranial,HuD1 L,23.5
10656,FEMALE,Post-Cranial,HuD2 L,17.4
10656,FEMALE,Post-Cranial,HuC L,69
10656,FEMALE,Post-Cranial,HuE1 R,60.6
10656,FEMALE,Post-Cranial,HuE1 L,58.7
10656,FEMALE,Post-Cranial,TaL L,46.2
10656,FEMALE,Post-Cranial,FeD1 R,25.6
10656,FEMALE,Post-Cranial,FeD1 L,26.1
10656,FEMALE,Post-Cranial,FeD2 R,32.8
10656,FEMALE,Post-Cranial,FeD2 L,34.9
10656,FEMALE,Post-Cranial,FeD3 L,28.5
10656,FEMALE,Post-Cranial,FeD4 L,28.8
10656,FEMALE,Post-Cranial,FeC L,94
10656,FEMALE,Post-Cranial,TiL1 L,364
10656,FEMALE,Post-Cranial,TiL2 L,363
10656,FEMALE,Post-Cranial,TiD1 L,31.7
10656,FEMALE,Post-Cranial,TiD2 L,23.8
10656,FEMALE,Post-Cranial,TaL R,47.7
10656,FEMALE,Post-Cranial,FeHD L,44.9
10656,FEMALE,Post-Cranial,FeHD R,45.9
10682,MALE?,Dental mandibular (permanent),R M1 mesiodistal,9.2
10682,MALE?,Dental mandibular (permanent),L M1 buccolingual,8.9
10682,MALE?,Mandibular,ML Maximum Length,95
10682,MALE?,Mandibular,W1 Bicondylar Width,116.2
10682,MALE?,Mandibular,H1 Symphyseal Height,27.1
10682,MALE?,Mandibular,GoGo Bigonial Breadth,104.9
10682,MALE?,Mandibular,ZZ Biforamen Breadth,45.9
10682,MALE?,Mandibular,M< Mandibular Angle,123
10682,MALE?,Mandibular,RB' Minimum Ramus B R,28.6
10682,MALE?,Mandibular,RB' Minimum Ramus B L,29.3
10682,MALE?,Mandibular,CrH Coronoid Height R,63.2
10682,MALE?,Mandibular,CrH Coronoid Height L,62.9
10682,MALE?,Mandibular,RH Ramus Height R,60.9
10682,MALE?,Mandibular,RH Ramus Height L,58.9
10682,MALE?,Dental mandibular (permanent),R M1 buccolingual,8.8
10682,MALE?,Post-Cranial,SaB,101.9
10682,MALE?,Post-Cranial,BW,47.2
10682,MALE?,Post-Cranial,FeL1 L,413
10682,MALE?,Dental mandibular (permanent),L M1 mesiodistal,8.9
10682,MALE?,Post-Cranial,CLL1 R,134.7
10682,MALE?,Post-Cranial,GLL R,40.3
10682,MALE?,Post-Cranial,GLB R,24.7
10682,MALE?,Post-Cranial,HuL1 L,311
10682,MALE?,Post-Cranial,HuHD L,43.1
10682,MALE?,Post-Cranial,HuD1 L,19.2
10682,MALE?,Post-Cranial,HuD2 L,14.6
10682,MALE?,Post-Cranial,HuC L,57
10682,MALE?,Post-Cranial,HuE1 L,58
10682,MALE?,Post-Cranial,RaL L,237
10682,MALE?,Post-Cranial,RaHD L,21.6
10682,MALE?,Post-Cranial,ULL1 L,258
10682,MALE?,Post-Cranial,FeD1 L,22.9
10682,MALE?,Post-Cranial,FeD2 L,32.1
10682,MALE?,Post-Cranial,FeD3 L,25.9
10682,MALE?,Post-Cranial,FeD4 L,25.4
10682,MALE?,Post-Cranial,FeC L,82
10682,MALE?,Post-Cranial,FeE L,74.9
10682,MALE?,Post-Cranial,FeHD L,44
10688,INTERMEDIATE,Cranial,GB Bimaxillary Breadth,87.8
10688,INTERMEDIATE,Cranial,NH' Nasal Height,47.4
10688,INTERMEDIATE,Cranial,NB Nasal Breadth,24.8
10688,INTERMEDIATE,Cranial,SC Simotic Chord,12.1
10688,INTERMEDIATE,Cranial,DC Bi-Dacryonic Chord,22.6
10688,INTERMEDIATE,Cranial,DA Bi-Dacryonic Arc,35
10688,INTERMEDIATE,Cranial,ext-B External Breadth (ecm-ecm),65.1
10688,INTERMEDIATE,Cranial,O'1 Orbital Breadth R,37.5
10688,INTERMEDIATE,Cranial,L Maximum Length,171
10688,INTERMEDIATE,Cranial,B Maximum Breadth,149
10688,INTERMEDIATE,Cranial,H' Basi-Bregmatic Height,127
10688,INTERMEDIATE,Cranial,LB Basi-Nasal Length,92
10688,INTERMEDIATE,Cranial,J Bizygomatic Breadth,124
10688,INTERMEDIATE,Dental maxillary (permanent),R canine mesiodistal,6.3
10688,INTERMEDIATE,Dental maxillary (permanent),L canine buccolingual,7.2
10688,INTERMEDIATE,Dental maxillary (permanent),L canine mesiodistal,6.3
10688,INTERMEDIATE,Cranial,GL Basi-Alveolar Length,89
10688,INTERMEDIATE,Cranial,BQ' Transverse Biporial Arc,320
10688,INTERMEDIATE,Cranial,S1 Frontal Arc,125
10688,INTERMEDIATE,Cranial,S2 Parietal Arc,122
10688,INTERMEDIATE,Cranial,S3 Occipital Arc,120
10688,INTERMEDIATE,Cranial,S1' Frontal Chord,110.5
10688,INTERMEDIATE,Cranial,S2' Parietal Chord,106.6
10688,INTERMEDIATE,Cranial,S3' Occipital Chord,94.8
10688,INTERMEDIATE,Cranial,U Max. Circumference,516
10688,INTERMEDIATE,Cranial,FL Foraminal Length,33
10688,INTERMEDIATE,Cranial,FB Foraminal Breadth,27
10688,INTERMEDIATE,Cranial,ec-ec Bi-Orbital Breadth,91.4
10688,INTERMEDIATE,Cranial,fmt-fmt Upper Facial Breadth,102.9
10688,INTERMEDIATE,Cranial,G'H Upper Facial Height,66.6
10688,INTERMEDIATE,Cranial,O'1 Orbital Breadth L,37.9
10688,INTERMEDIATE,Cranial,O'2 Orbital Length R,34.3
10688,INTERMEDIATE,Cranial,O'2 Orbital Length L,34.5
10688,INTERMEDIATE,Cranial,PBH Porion-Bregma Height R,124
10688,INTERMEDIATE,Cranial,PBH Porion-Bregma Height L,122
10688,INTERMEDIATE,Dental maxillary (permanent),R canine buccolingual,7.7
10688,INTERMEDIATE,Dental maxillary (permanent),R M1 buccolingual,8.8
10688,INTERMEDIATE,Dental maxillary (permanent),R M1 mesiodistal,8.9
10688,INTERMEDIATE,Dental maxillary (permanent),L M1 buccolingual,9.7
10688,INTERMEDIATE,Dental maxillary (permanent),L M1 mesiodistal,8.6
10688,INTERMEDIATE,Cranial,G'2 Palatal Breadth (end-end),44.3
10690,MALE,Dental maxillary (permanent),R canine mesiodistal,7.4
10690,MALE,Dental maxillary (permanent),L canine buccolingual,7.9
10690,MALE,Dental maxillary (permanent),L canine mesiodistal,7.8
10690,MALE,Dental maxillary (permanent),R canine buccolingual,8.2
10690,MALE,Post-Cranial,BW,45.3
10690,MALE,Post-Cranial,FeL1 R,421
10690,MALE,Dental maxillary (permanent),R M1 buccolingual,10.4
10690,MALE,Dental maxillary (permanent),R M1 mesiodistal,11.1
10690,MALE,Dental maxillary (permanent),L M1 buccolingual,9.8
10690,MALE,Dental maxillary (permanent),L M1 mesiodistal,10.9
10690,MALE,Post-Cranial,RaL L,222
10690,MALE,Post-Cranial,RaHD L,19.6
10690,MALE,Post-Cranial,FeD1 R,22.4
10690,MALE,Post-Cranial,FeD2 R,31.8
10690,MALE,Post-Cranial,FeD3 R,25.2
10690,MALE,Post-Cranial,FeD4 R,26.2
10690,MALE,Post-Cranial,FeC R,84
10690,MALE,Post-Cranial,FeE R,77.6
10690,MALE,Post-Cranial,FeL2 R,419
10690,MALE,Post-Cranial,FeHD R,45.3
10695,FEMALE?,Post-Cranial,GLL L,34.2
10695,FEMALE?,Post-Cranial,GLB L,23.3
10695,FEMALE?,Post-Cranial,HuL1 R,292
10695,FEMALE?,Post-Cranial,HuHD R,37
10695,FEMALE?,Post-Cranial,HuD1 R,19.9
10695,FEMALE?,Post-Cranial,HuD2 R,14.4
10695,FEMALE?,Post-Cranial,HuC R,58
10695,FEMALE?,Post-Cranial,FeD1 L,23.7
10695,FEMALE?,Post-Cranial,FeD2 L,25.6
10695,FEMALE?,Post-Cranial,FeHD L,37.4
10695,FEMALE?,Post-Cranial,FeHD R,36.9
10705,FEMALE,Cranial,GB Bimaxillary Breadth,88.8
10705,FEMALE,Cranial,NH' Nasal Height,50.7
10705,FEMALE,Cranial,NB Nasal Breadth,24.9
10705,FEMALE,Cranial,SC Simotic Chord,10.6
10705,FEMALE,Cranial,DC Bi-Dacryonic Chord,21.5
10705,FEMALE,Cranial,DA Bi-Dacryonic Arc,34
10705,FEMALE,Cranial,G'1 Palatal Length (st-o),43.3
10705,FEMALE,Cranial,ext-L External Length,54.8
10705,FEMALE,Cranial,ext-B External Breadth (ecm-ecm),60.6
10705,FEMALE,Cranial,O'1 Orbital Breadth R,38.9
10705,FEMALE,Cranial,L Maximum Length,168
10705,FEMALE,Cranial,B Maximum Breadth,138
10705,FEMALE,Cranial,H' Basi-Bregmatic Height,134
10705,FEMALE,Cranial,LB Basi-Nasal Length,101
10705,FEMALE,Cranial,J Bizygomatic Breadth,120
10705,FEMALE,Dental maxillary (permanent),R canine mesiodistal,7.6
10705,FEMALE,Cranial,GL Basi-Alveolar Length,97
10705,FEMALE,Cranial,BQ' Transverse Biporial Arc,295
10705,FEMALE,Cranial,S1 Frontal Arc,113
10705,FEMALE,Cranial,S2 Parietal Arc,120
10705,FEMALE,Cranial,S3 Occipital Arc,110
10705,FEMALE,Cranial,S1' Frontal Chord,101.7
10705,FEMALE,Cranial,S2' Parietal Chord,107.9
10705,FEMALE,Cranial,S3' Occipital Chord,95.8
10705,FEMALE,Cranial,U Max. Circumference,494
10705,FEMALE,Cranial,Biast B Biasterionic Breadth,120.7
10705,FEMALE,Cranial,FL Foraminal Length,35.3
10705,FEMALE,Cranial,FB Foraminal Breadth,29.9
10705,FEMALE,Cranial,ec-ec Bi-Orbital Breadth,91.5
10705,FEMALE,Cranial,fmt-fmt Upper Facial Breadth,102
10705,FEMALE,Cranial,G'H Upper Facial Height,65.4
10705,FEMALE,Dental mandibular (permanent),R M1 mesiodistal,10.5
10705,FEMALE,Dental mandibular (permanent),L M1 buccolingual,10
10705,FEMALE,Cranial,O'1 Orbital Breadth L,35.7
10705,FEMALE,Cranial,O'2 Orbital Length R,30.3
10705,FEMALE,Cranial,O'2 Orbital Length L,30.8
10705,FEMALE,Cranial,PBH Porion-Bregma Height R,125
10705,FEMALE,Cranial,PBH Porion-Bregma Height L,120
10705,FEMALE,Mandibular,H1 Symphyseal Height,31.2
10705,FEMALE,Mandibular,M< Mandibular Angle,120
10705,FEMALE,Mandibular,RB' Minimum Ramus B R,33.8
10705,FEMALE,Mandibular,RB' Minimum Ramus B L,33.2
10705,FEMALE,Mandibular,CrH Coronoid Height R,60.6
10705,FEMALE,Mandibular,CrH Coronoid Height L,60.4
10705,FEMALE,Mandibular,RH Ramus Height R,68.7
10705,FEMALE,Dental maxillary (permanent),R canine buccolingual,8.2
10705,FEMALE,Dental mandibular (permanent),R M1 buccolingual,10.2
10705,FEMALE,Post-Cranial,SaB,113.6
10705,FEMALE,Post-Cranial,BW,50.4
10705,FEMALE,Dental maxillary (permanent),R M1 buccolingual,11
10705,FEMALE,Dental maxillary (permanent),R M1 mesiodistal,11.5
10705,FEMALE,Dental maxillary (permanent),L M1 buccolingual,10.8
10705,FEMALE,Dental maxillary (permanent),L M1 mesiodistal,10.8
10705,FEMALE,Dental mandibular (permanent),R canine buccolingual,7.3
10705,FEMALE,Dental mandibular (permanent),R canine mesiodistal,6.7
10705,FEMALE,Dental mandibular (permanent),L canine buccolingual,7.4
10705,FEMALE,Dental mandibular (permanent),L canine mesiodistal,6.8
10705,FEMALE,Dental mandibular (permanent),L M1 mesiodistal,10.4
10705,FEMALE,Post-Cranial,GLL R,38.9
10705,FEMALE,Post-Cranial,GLL L,39.3
10705,FEMALE,Post-Cranial,GLB R,25.1
10705,FEMALE,Post-Cranial,GLB L,26
10705,FEMALE,Post-Cranial,HuL1 R,286
10705,FEMALE,Post-Cranial,HuL1 L,282
10705,FEMALE,Post-Cranial,HuHD R,41.7
10705,FEMALE,Post-Cranial,HuHD L,42.3
10705,FEMALE,Post-Cranial,HuD1 R,19.4
10705,FEMALE,Post-Cranial,HuD1 L,20.9
10705,FEMALE,Post-Cranial,HuD2 R,16.4
10705,FEMALE,Post-Cranial,HuD2 L,16.2
10705,FEMALE,Post-Cranial,HuC R,62
10705,FEMALE,Post-Cranial,HuC L,64
10705,FEMALE,Post-Cranial,HuE1 R,57.4
10705,FEMALE,Post-Cranial,RaL R,203
10705,FEMALE,Post-Cranial,RaL L,202
10705,FEMALE,Post-Cranial,RaHD R,21.1
10705,FEMALE,Post-Cranial,ULL1 R,225
10705,FEMALE,Post-Cranial,ULL1 L,225
10705,FEMALE,Cranial,G'2 Palatal Breadth (end-end),39
10723,MALE?,Post-Cranial,SaB,107.9
10723,MALE?,Post-Cranial,BW,47.6
10723,MALE?,Post-Cranial,FeL1 R,439
10723,MALE?,Post-Cranial,CLL1 L,146
10723,MALE?,Post-Cranial,GLL R,44.6
10723,MALE?,Post-Cranial,GLL L,42.4
10723,MALE?,Post-Cranial,GLB R,29.7
10723,MALE?,Post-Cranial,GLB L,30.1
10723,MALE?,Post-Cranial,HuL1 R,323
10723,MALE?,Post-Cranial,HuL1 L,321
10723,MALE?,Post-Cranial,HuHD R,46
10723,MALE?,Post-Cranial,HuHD L,45.4
10723,MALE?,Post-Cranial,HuD1 R,24.6
10723,MALE?,Post-Cranial,HuD1 L,23.9
10723,MALE?,Post-Cranial,HuD2 R,22.3
10723,MALE?,Post-Cranial,HuD2 L,20.5
10723,MALE?,Post-Cranial,HuC R,77
10723,MALE?,Post-Cranial,HuC L,74
10723,MALE?,Post-Cranial,HuE1 R,67.8
10723,MALE?,Post-Cranial,HuE1 L,66.1
10723,MALE?,Post-Cranial,ULL1 L,269
10723,MALE?,Post-Cranial,TaL L,51.8
10723,MALE?,Post-Cranial,FeD1 R,27.2
10723,MALE?,Post-Cranial,FeD1 L,27
10723,MALE?,Post-Cranial,FeD2 R,32.2
10723,MALE?,Post-Cranial,FeD2 L,31.4
10723,MALE?,Post-Cranial,FeD3 R,30.1
10723,MALE?,Post-Cranial,FeD3 L,30.5
10723,MALE?,Post-Cranial,FeD4 R,27.9
10723,MALE?,Post-Cranial,FeD4 L,27.9
10723,MALE?,Post-Cranial,FeC R,90
10723,MALE?,Post-Cranial,FeC L,94
10723,MALE?,Post-Cranial,TiL1 L,360
10723,MALE?,Post-Cranial,TiL2 L,358
10723,MALE?,Post-Cranial,TiD1 R,37.7
10723,MALE?,Post-Cranial,TiD1 L,37.4
10723,MALE?,Post-Cranial,TiD2 R,28.2
10723,MALE?,Post-Cranial,TiD2 L,28.9
10723,MALE?,Post-Cranial,TiE L,76.7
10723,MALE?,Post-Cranial,CaL R,77.8
10723,MALE?,Post-Cranial,CaL L,79.8
10723,MALE?,Post-Cranial,TaL R,52.8
10723,MALE?,Post-Cranial,FeHD L,45.9
10723,MALE?,Post-Cranial,FeL2 R,435
10723,MALE?,Post-Cranial,FeL2 L,434
10723,MALE?,Post-Cranial,FeHD R,45.9
10731,FEMALE,Dental maxillary (permanent),L canine buccolingual,8.1
10731,FEMALE,Dental maxillary (permanent),L canine mesiodistal,6.7
10731,FEMALE,Mandibular,ML Maximum Length,93
10731,FEMALE,Mandibular,W1 Bicondylar Width,112
10731,FEMALE,Mandibular,H1 Symphyseal Height,27.5
10731,FEMALE,Mandibular,GoGo Bigonial Breadth,92.4
10731,FEMALE,Mandibular,ZZ Biforamen Breadth,41
10731,FEMALE,Mandibular,M< Mandibular Angle,113
10731,FEMALE,Mandibular,RB' Minimum Ramus B R,32.5
10731,FEMALE,Mandibular,RB' Minimum Ramus B L,34.4
10731,FEMALE,Mandibular,CrH Coronoid Height R,58.5
10731,FEMALE,Mandibular,CrH Coronoid Height L,61.6
10731,FEMALE,Mandibular,RH Ramus Height R,64.8
10731,FEMALE,Mandibular,RH Ramus Height L,64.5
10731,FEMALE,Post-Cranial,SaL,98.9
10731,FEMALE,Post-Cranial,BW,48.2
10731,FEMALE,Dental mandibular (permanent),L canine buccolingual,8.2
10731,FEMALE,Dental mandibular (permanent),L canine mesiodistal,6.1
10731,FEMALE,Post-Cranial,CLL1 R,115.7
10731,FEMALE,Post-Cranial,CLL1 L,122.1
10731,FEMALE,Post-Cranial,GLL R,37.2
10731,FEMALE,Post-Cranial,GLL L,37.3
10731,FEMALE,Post-Cranial,GLB R,24.2
10731,FEMALE,Post-Cranial,GLB L,24.8
10731,FEMALE,Post-Cranial,HuL1 R,275
10731,FEMALE,Post-Cranial,HuL1 L,274
10731,FEMALE,Post-Cranial,HuHD R,42.2
10731,FEMALE,Post-Cranial,HuD1 R,20.8
10731,FEMALE,Post-Cranial,HuD1 L,21.6
10731,FEMALE,Post-Cranial,HuD2 R,16.8
10731,FEMALE,Post-Cranial,HuD2 L,16.6
10731,FEMALE,Post-Cranial,HuC R,65
10731,FEMALE,Post-Cranial,HuC L,63
10731,FEMALE,Post-Cranial,HuE1 R,54.8
10731,FEMALE,Post-Cranial,HuE1 L,53.8
10731,FEMALE,Post-Cranial,RaL R,201
10731,FEMALE,Post-Cranial,TaL L,47.1
10731,FEMALE,Post-Cranial,FeD1 R,21.9
10731,FEMALE,Post-Cranial,FeD2 R,31.6
10731,FEMALE,Post-Cranial,TiL1 R,293
10731,FEMALE,Post-Cranial,TiL1 L,296
10731,FEMALE,Post-Cranial,TiL2 R,292
10731,FEMALE,Post-Cranial,TiL2 L,295
10731,FEMALE,Post-Cranial,TiD1 R,29.7
10731,FEMALE,Post-Cranial,TiD1 L,28.8
10731,FEMALE,Post-Cranial,TiD2 R,21.9
10731,FEMALE,Post-Cranial,TiD2 L,21.3
10731,FEMALE,Post-Cranial,CaL R,73.8
10731,FEMALE,Post-Cranial,CaL L,73.6
10731,FEMALE,Post-Cranial,FeHD R,43.8
10734,MALE,Dental maxillary (permanent),R canine mesiodistal,7.5
10734,MALE,Dental maxillary (permanent),L canine buccolingual,8.6
10734,MALE,Dental maxillary (permanent),L canine mesiodistal,7.4
10734,MALE,Dental mandibular (permanent),L M1 buccolingual,10.3
10734,MALE,Mandibular,ZZ Biforamen Breadth,49.1
10734,MALE,Mandibular,RB' Minimum Ramus B L,31.6
10734,MALE,Mandibular,CrH Coronoid Height L,72.4
10734,MALE,Mandibular,RH Ramus Height L,75.1
10734,MALE,Dental maxillary (permanent),R canine buccolingual,9.1
10734,MALE,Post-Cranial,BW,52.5
10734,MALE,Post-Cranial,FeL1 L,502
10734,MALE,Dental maxillary (permanent),R M1 buccolingual,10.8
10734,MALE,Dental maxillary (permanent),R M1 mesiodistal,10.5
10734,MALE,Dental maxillary (permanent),L M1 buccolingual,11.1
10734,MALE,Dental maxillary (permanent),L M1 mesiodistal,10.7
10734,MALE,Dental mandibular (permanent),R canine buccolingual,7.8
10734,MALE,Dental mandibular (permanent),R canine mesiodistal,6
10734,MALE,Dental mandibular (permanent),L canine buccolingual,8
10734,MALE,Dental mandibular (permanent),L canine mesiodistal,6.4
10734,MALE,Dental mandibular (permanent),L M1 mesiodistal,11.2
10734,MALE,Post-Cranial,CLL1 R,158
10734,MALE,Post-Cranial,CLL1 L,163
10734,MALE,Post-Cranial,GLL L,41.7
10734,MALE,Post-Cranial,HuL1 L,352
10734,MALE,Post-Cranial,HuHD L,48.9
10734,MALE,Post-Cranial,HuD1 L,23.9
10734,MALE,Post-Cranial,HuD2 L,17.5
10734,MALE,Post-Cranial,HuC L,72
10734,MALE,Post-Cranial,HuE1 R,70.1
10734,MALE,Post-Cranial,HuE1 L,68.5
10734,MALE,Post-Cranial,RaL L,274
10734,MALE,Post-Cranial,TaL L,55.9
10734,MALE,Post-Cranial,FeD1 L,29.6
10734,MALE,Post-Cranial,FeD2 L,33.9
10734,MALE,Post-Cranial,FeD3 L,35.8
10734,MALE,Post-Cranial,FeD4 L,30.3
10734,MALE,Post-Cranial,FeC L,105
10734,MALE,Post-Cranial,FeE L,84.5
10734,MALE,Post-Cranial,TiD1 L,42
10734,MALE,Post-Cranial,TiD2 L,26.6
10734,MALE,Post-Cranial,FiL1 L,393
10734,MALE,Post-Cranial,CaL R,87.8
10734,MALE,Post-Cranial,TaL R,56.9
10734,MALE,Post-Cranial,FeHD L,50
10734,MALE,Post-Cranial,FeL2 L,500
10739,MALE?,Mandibular,RB' Minimum Ramus B R,31.4
10739,MALE?,Mandibular,RH Ramus Height R,63.9
10739,MALE?,Post-Cranial,TaL L,45.2
10774,MALE,Cranial,L Maximum Length,187
10774,MALE,Cranial,B Maximum Breadth,138
10774,MALE,Cranial,H' Basi-Bregmatic Height,126
10774,MALE,Cranial,LB Basi-Nasal Length,100
10774,MALE,Dental maxillary (permanent),R canine mesiodistal,7.1
10774,MALE,Dental maxillary (permanent),L canine buccolingual,8
10774,MALE,Dental maxillary (permanent),L canine mesiodistal,7.2
10774,MALE,Cranial,S1 Frontal Arc,131
10774,MALE,Cranial,S2 Parietal Arc,125
10774,MALE,Cranial,S3 Occipital Arc,120
10774,MALE,Cranial,S1' Frontal Chord,109
10774,MALE,Cranial,S2' Parietal Chord,114.3
10774,MALE,Cranial,S3' Occipital Chord,98.8
10774,MALE,Cranial,U Max. Circumference,528
10774,MALE,Cranial,FL Foraminal Length,36
10774,MALE,Dental mandibular (permanent),R M1 mesiodistal,10.9
10774,MALE,Dental mandibular (permanent),L M1 buccolingual,10.2
10774,MALE,Cranial,PBH Porion-Bregma Height R,116
10774,MALE,Cranial,PBH Porion-Bregma Height L,121
10774,MALE,Mandibular,H1 Symphyseal Height,27.4
10774,MALE,Mandibular,ZZ Biforamen Breadth,41.9
10774,MALE,Mandibular,M< Mandibular Angle,124
10774,MALE,Mandibular,RB' Minimum Ramus B R,28.7
10774,MALE,Mandibular,RB' Minimum Ramus B L,30.9
10774,MALE,Mandibular,CrH Coronoid Height R,59.5
10774,MALE,Mandibular,CrH Coronoid Height L,59.3
10774,MALE,Mandibular,RH Ramus Height R,65.9
10774,MALE,Mandibular,RH Ramus Height L,66
10774,MALE,Dental maxillary (permanent),R canine buccolingual,8.3
10774,MALE,Dental mandibular (permanent),R M1 buccolingual,10.4
10774,MALE,Dental maxillary (permanent),R M1 buccolingual,10.8
10774,MALE,Dental maxillary (permanent),R M1 mesiodistal,10.7
10774,MALE,Dental maxillary (permanent),L M1 buccolingual,10.8
10774,MALE,Dental maxillary (permanent),L M1 mesiodistal,10.1
10774,MALE,Dental mandibular (permanent),L M1 mesiodistal,11.2
10774,MALE,Post-Cranial,CLL1 R,138.2
10774,MALE,Post-Cranial,CLL1 L,136.8
10774,MALE,Post-Cranial,GLL R,40.9
10774,MALE,Post-Cranial,GLL L,40.7
10774,MALE,Post-Cranial,GLB R,29
10774,MALE,Post-Cranial,GLB L,29.9
10774,MALE,Post-Cranial,HuL1 R,321
10774,MALE,Post-Cranial,HuL1 L,319
10774,MALE,Post-Cranial,HuHD R,47
10774,MALE,Post-Cranial,HuHD L,47.8
10774,MALE,Post-Cranial,HuD1 R,23.5
10774,MALE,Post-Cranial,HuD1 L,22.6
10774,MALE,Post-Cranial,HuD2 R,16.9
10774,MALE,Post-Cranial,HuD2 L,16.9
10774,MALE,Post-Cranial,HuC R,67
10774,MALE,Post-Cranial,HuC L,66
10774,MALE,Post-Cranial,HuE1 R,66.4
10774,MALE,Post-Cranial,HuE1 L,66.2
10774,MALE,Post-Cranial,RaL R,238
10774,MALE,Post-Cranial,RaHD L,22.8
10774,MALE,Post-Cranial,ULL1 L,256
10786,FEMALE,Post-Cranial,FeL1 L,405
10786,FEMALE,Post-Cranial,TaL L,50.4
10786,FEMALE,Post-Cranial,FeD1 R,22.8
10786,FEMALE,Post-Cranial,FeD1 L,22.9
10786,FEMALE,Post-Cranial,FeD2 R,27.7
10786,FEMALE,Post-Cranial,FeD2 L,27.6
10786,FEMALE,Post-Cranial,FeD3 L,26
10786,FEMALE,Post-Cranial,FeD4 L,23.7
10786,FEMALE,Post-Cranial,FeC L,79
10786,FEMALE,Post-Cranial,TiL1 L,305
10786,FEMALE,Post-Cranial,TiL2 L,302
10786,FEMALE,Post-Cranial,TiD1 R,28.5
10786,FEMALE,Post-Cranial,TiD1 L,27.6
10786,FEMALE,Post-Cranial,TiD2 R,19
10786,FEMALE,Post-Cranial,TiD2 L,20.8
10786,FEMALE,Post-Cranial,TaL R,50.7
10786,FEMALE,Post-Cranial,FeHD L,43.1
10786,FEMALE,Post-Cranial,FeL2 L,403
10786,FEMALE,Post-Cranial,FeHD R,41.5
10792,MALE,Dental maxillary (permanent),R canine mesiodistal,7.4
10792,MALE,Dental mandibular (permanent),R M1 mesiodistal,10.8
10792,MALE,Mandibular,RB' Minimum Ramus B R,34.6
10792,MALE,Mandibular,CrH Coronoid Height R,64.8
10792,MALE,Mandibular,RH Ramus Height R,63
10792,MALE,Dental maxillary (permanent),R canine buccolingual,8.3
10792,MALE,Dental mandibular (permanent),R M1 buccolingual,10.1
10792,MALE,Post-Cranial,SaL,120
10792,MALE,Post-Cranial,SaB,115.8
10792,MALE,Post-Cranial,BW,55.4
10792,MALE,Post-Cranial,FeL1 R,464
10792,MALE,Post-Cranial,FeL1 L,469
10792,MALE,Dental mandibular (permanent),R canine buccolingual,7.1
10792,MALE,Dental mandibular (permanent),R canine mesiodistal,6.2
10792,MALE,Post-Cranial,CLL1 R,135.9
10792,MALE,Post-Cranial,CLL1 L,139.9
10792,MALE,Post-Cranial,GLL R,45.5
10792,MALE,Post-Cranial,GLL L,44.2
10792,MALE,Post-Cranial,GLB R,29.8
10792,MALE,Post-Cranial,GLB L,30.1
10792,MALE,Post-Cranial,HuD1 L,27
10792,MALE,Post-Cranial,HuD2 L,21.2
10792,MALE,Post-Cranial,HuC L,80
10792,MALE,Post-Cranial,HuE1 R,70.4
10792,MALE,Post-Cranial,RaL R,241
10792,MALE,Post-Cranial,ULL1 R,260
10792,MALE,Post-Cranial,TaL L,52.7
10792,MALE,Post-Cranial,FeD1 R,27
10792,MALE,Post-Cranial,FeD1 L,28.7
10792,MALE,Post-Cranial,FeD2 R,33.5
10792,MALE,Post-Cranial,FeD2 L,31
10792,MALE,Post-Cranial,FeD3 R,29.6
10792,MALE,Post-Cranial,FeD3 L,30
10792,MALE,Post-Cranial,FeD4 R,26.3
10792,MALE,Post-Cranial,FeD4 L,26.2
10792,MALE,Post-Cranial,FeC R,89
10792,MALE,Post-Cranial,FeC L,92
10792,MALE,Post-Cranial,TiL1 R,383
10792,MALE,Post-Cranial,TiL1 L,379
10792,MALE,Post-Cranial,TiL2 R,383
10792,MALE,Post-Cranial,TiL2 L,379
10792,MALE,Post-Cranial,TiD1 R,37.5
10792,MALE,Post-Cranial,TiD1 L,38.4
10792,MALE,Post-Cranial,TiD2 R,27.2
10792,MALE,Post-Cranial,TiD2 L,28.4
10792,MALE,Post-Cranial,CaL R,77.1
10792,MALE,Post-Cranial,TaL R,51.2
10792,MALE,Post-Cranial,FeHD L,47.1
10792,MALE,Post-Cranial,FeL2 R,458
10792,MALE,Post-Cranial,FeL2 L,467
10792,MALE,Post-Cranial,FeHD R,47.8
10891,MALE?,Post-Cranial,SaL,103.9
10891,MALE?,Post-Cranial,SaB,117.4
10891,MALE?,Post-Cranial,BW,46.6
10891,MALE?,Post-Cranial,FeL1 L,431
10891,MALE?,Post-Cranial,HuE1 L,59.4
10891,MALE?,Post-Cranial,RaL L,225
10891,MALE?,Post-Cranial,RaHD L,20.6
10891,MALE?,Post-Cranial,ULL1 L,243
10891,MALE?,Post-Cranial,FeD1 L,23.4
10891,MALE?,Post-Cranial,FeD2 L,31.7
10891,MALE?,Post-Cranial,FeD3 L,27.9
10891,MALE?,Post-Cranial,FeD4 L,27.7
10891,MALE?,Post-Cranial,FeC L,87
10891,MALE?,Post-Cranial,FeE L,73.7
10891,MALE?,Post-Cranial,TiL1 L,349
10891,MALE?,Post-Cranial,TiL2 L,348
10891,MALE?,Post-Cranial,TiD1 L,33
10891,MALE?,Post-Cranial,TiD2 L,23.1
10891,MALE?,Post-Cranial,FiL1 L,336
10891,MALE?,Post-Cranial,FeHD L,44.2
10891,MALE?,Post-Cranial,FeL2 L,426
10894,FEMALE,Post-Cranial,FeL1 R,407
10894,FEMALE,Post-Cranial,FeL1 L,413
10894,FEMALE,Post-Cranial,HuL1 L,298
10894,FEMALE,Post-Cranial,HuHD L,40.8
10894,FEMALE,Post-Cranial,HuD1 L,22.2
10894,FEMALE,Post-Cranial,HuD2 L,15.9
10894,FEMALE,Post-Cranial,HuC L,64
10894,FEMALE,Post-Cranial,HuE1 L,55.8
10894,FEMALE,Post-Cranial,ULL1 L,246
10894,FEMALE,Post-Cranial,TaL L,46.2
10894,FEMALE,Post-Cranial,FeD1 R,25.2
10894,FEMALE,Post-Cranial,FeD1 L,25.3
10894,FEMALE,Post-Cranial,FeD2 R,26.3
10894,FEMALE,Post-Cranial,FeD2 L,28.6
10894,FEMALE,Post-Cranial,FeD3 R,28.4
10894,FEMALE,Post-Cranial,FeD3 L,27.8
10894,FEMALE,Post-Cranial,FeD4 R,25.5
10894,FEMALE,Post-Cranial,FeD4 L,24.8
10894,FEMALE,Post-Cranial,FeC R,85
10894,FEMALE,Post-Cranial,FeC L,84
10894,FEMALE,Post-Cranial,FeE R,72.1
10894,FEMALE,Post-Cranial,FeE L,73.4
10894,FEMALE,Post-Cranial,TiL1 R,337
10894,FEMALE,Post-Cranial,TiL2 R,336
10894,FEMALE,Post-Cranial,TiD1 R,30.4
10894,FEMALE,Post-Cranial,TiD1 L,31.4
10894,FEMALE,Post-Cranial,TiD2 R,24.4
10894,FEMALE,Post-Cranial,TiD2 L,24.5
10894,FEMALE,Post-Cranial,TiE R,69.2
10894,FEMALE,Post-Cranial,CaL R,72.7
10894,FEMALE,Post-Cranial,CaL L,73.8
10894,FEMALE,Post-Cranial,TaL R,45.9
10894,FEMALE,Post-Cranial,FeHD L,41.1
10894,FEMALE,Post-Cranial,FeL2 R,404
10894,FEMALE,Post-Cranial,FeL2 L,408
10894,FEMALE,Post-Cranial,FeHD R,41.3
10912,FEMALE,Dental maxillary (permanent),R canine mesiodistal,7.7
10912,FEMALE,Dental maxillary (permanent),L canine buccolingual,8.2
10912,FEMALE,Dental maxillary (permanent),L canine mesiodistal,7.6
10912,FEMALE,Dental mandibular (permanent),R M1 mesiodistal,11.3
10912,FEMALE,Dental mandibular (permanent),L M1 buccolingual,10.2
10912,FEMALE,Mandibular,H1 Symphyseal Height,27.3
10912,FEMALE,Mandibular,GoGo Bigonial Breadth,98.3
10912,FEMALE,Mandibular,ZZ Biforamen Breadth,41.4
10912,FEMALE,Mandibular,M< Mandibular Angle,119
10912,FEMALE,Mandibular,RB' Minimum Ramus B R,29.8
10912,FEMALE,Mandibular,RB' Minimum Ramus B L,31.3
10912,FEMALE,Mandibular,CrH Coronoid Height L,58.7
10912,FEMALE,Mandibular,RH Ramus Height R,65.5
10912,FEMALE,Mandibular,RH Ramus Height L,66.2
10912,FEMALE,Dental maxillary (permanent),R canine buccolingual,7.9
10912,FEMALE,Dental mandibular (permanent),R M1 buccolingual,10
10912,FEMALE,Dental maxillary (permanent),R M1 buccolingual,10.8
10912,FEMALE,Dental maxillary (permanent),R M1 mesiodistal,11.2
10912,FEMALE,Dental maxillary (permanent),L M1 buccolingual,11.1
10912,FEMALE,Dental maxillary (permanent),L M1 mesiodistal,11.3
10912,FEMALE,Dental mandibular (permanent),R canine buccolingual,7.3
10912,FEMALE,Dental mandibular (permanent),R canine mesiodistal,6.7
10912,FEMALE,Dental mandibular (permanent),L canine buccolingual,7.2
10912,FEMALE,Dental mandibular (permanent),L canine mesiodistal,6.6
10912,FEMALE,Dental mandibular (permanent),L M1 mesiodistal,11.1
10915,MALE?,Cranial,SC Simotic Chord,11.3
10915,MALE?,Cranial,DC Bi-Dacryonic Chord,28.6
10915,MALE?,Cranial,DA Bi-Dacryonic Arc,40
10915,MALE?,Cranial,L Maximum Length,186
10915,MALE?,Cranial,B Maximum Breadth,140
10915,MALE?,Cranial,H' Basi-Bregmatic Height,128
10915,MALE?,Cranial,LB Basi-Nasal Length,100
10915,MALE?,Cranial,BQ' Transverse Biporial Arc,290
10915,MALE?,Cranial,S1 Frontal Arc,125
10915,MALE?,Cranial,S1' Frontal Chord,109.6
10915,MALE?,Cranial,Biast B Biasterionic Breadth,121
10915,MALE?,Cranial,FL Foraminal Length,34.4
10915,MALE?,Cranial,FB Foraminal Breadth,28.4
10915,MALE?,Dental mandibular (permanent),R M1 mesiodistal,9.3
10915,MALE?,Dental mandibular (permanent),L M1 buccolingual,9.7
10915,MALE?,Cranial,PBH Porion-Bregma Height R,135
10915,MALE?,Cranial,PBH Porion-Bregma Height L,120
10915,MALE?,Mandibular,ML Maximum Length,106
10915,MALE?,Mandibular,W1 Bicondylar Width,107.4
10915,MALE?,Mandibular,H1 Symphyseal Height,32.4
10915,MALE?,Mandibular,GoGo Bigonial Breadth,96.7
10915,MALE?,Mandibular,ZZ Biforamen Breadth,45.1
10915,MALE?,Mandibular,M< Mandibular Angle,120
10915,MALE?,Mandibular,RB' Minimum Ramus B R,34.9
10915,MALE?,Mandibular,RB' Minimum Ramus B L,33.3
10915,MALE?,Mandibular,CrH Coronoid Height R,63.7
10915,MALE?,Mandibular,CrH Coronoid Height L,64.3
10915,MALE?,Mandibular,RH Ramus Height R,64.9
10915,MALE?,Mandibular,RH Ramus Height L,71.9
10915,MALE?,Dental mandibular (permanent),R M1 buccolingual,10.2
10915,MALE?,Post-Cranial,BW,57.6
10915,MALE?,Post-Cranial,FeL1 L,427
10915,MALE?,Dental mandibular (permanent),R canine buccolingual,7.4
10915,MALE?,Dental mandibular (permanent),R canine mesiodistal,5.9
10915,MALE?,Dental mandibular (permanent),L canine buccolingual,7.6
10915,MALE?,Dental mandibular (permanent),L canine mesiodistal,6
10915,MALE?,Dental mandibular (permanent),L M1 mesiodistal,9.8
10915,MALE?,Post-Cranial,GLL L,37.3
10915,MALE?,Post-Cranial,GLB L,24.9
10915,MALE?,Post-Cranial,HuL1 L,296
10915,MALE?,Post-Cranial,HuHD L,41.4
10915,MALE?,Post-Cranial,HuD1 L,20.7
10915,MALE?,Post-Cranial,HuD2 L,17
10915,MALE?,Post-Cranial,HuC L,64
10915,MALE?,Post-Cranial,HuE1 R,57.6
10915,MALE?,Post-Cranial,HuE1 L,56.4
10915,MALE?,Post-Cranial,RaL R,220
10915,MALE?,Post-Cranial,RaHD R,22.4
10915,MALE?,Post-Cranial,ULL1 R,242
10915,MALE?,Post-Cranial,TaL L,45
10915,MALE?,Post-Cranial,FeD1 R,24.5
10915,MALE?,Post-Cranial,FeD1 L,25.5
10915,MALE?,Post-Cranial,FeD2 R,30.7
10915,MALE?,Post-Cranial,FeD2 L,31
10915,MALE?,Post-Cranial,FeD3 R,27.2
10915,MALE?,Post-Cranial,FeD3 L,27
10915,MALE?,Post-Cranial,FeD4 R,27.9
10915,MALE?,Post-Cranial,FeD4 L,28.2
10915,MALE?,Post-Cranial,FeC L,88
10915,MALE?,Post-Cranial,TiD1 R,33.7
10915,MALE?,Post-Cranial,TiD1 L,33.7
10915,MALE?,Post-Cranial,TiD2 R,24.3
10915,MALE?,Post-Cranial,TiD2 L,24.3
10915,MALE?,Post-Cranial,FiL1 L,333
10915,MALE?,Post-Cranial,CaL R,75.7
10915,MALE?,Post-Cranial,CaL L,77.3
10915,MALE?,Post-Cranial,TaL R,45.7
10915,MALE?,Post-Cranial,FeHD L,41.9
10915,MALE?,Post-Cranial,FeL2 L,422
10915,MALE?,Post-Cranial,FeHD R,42.1
10957,MALE?,Cranial,GB Bimaxillary Breadth,92.7
10957,MALE?,Cranial,NB Nasal Breadth,21.7
10957,MALE?,Cranial,SC Simotic Chord,15
10957,MALE?,Cranial,DC Bi-Dacryonic Chord,22.5
10957,MALE?,Cranial,DA Bi-Dacryonic Arc,35
10957,MALE?,Cranial,ext-B External Breadth (ecm-ecm),61.3
10957,MALE?,Cranial,O'1 Orbital Breadth R,37.8
10957,MALE?,Cranial,L Maximum Length,190
10957,MALE?,Cranial,B Maximum Breadth,143
10957,MALE?,Cranial,H' Basi-Bregmatic Height,131
10957,MALE?,Cranial,LB Basi-Nasal Length,97
10957,MALE?,Cranial,J Bizygomatic Breadth,129
10957,MALE?,Dental maxillary (permanent),R canine mesiodistal,7.7
10957,MALE?,Cranial,GL Basi-Alveolar Length,91
10957,MALE?,Cranial,S1 Frontal Arc,132
10957,MALE?,Cranial,S2 Parietal Arc,130
10957,MALE?,Cranial,S3 Occipital Arc,120
10957,MALE?,Cranial,S1' Frontal Chord,115.2
10957,MALE?,Cranial,S2' Parietal Chord,115.8
10957,MALE?,Cranial,S3' Occipital Chord,101.3
10957,MALE?,Cranial,U Max. Circumference,540
10957,MALE?,Cranial,Biast B Biasterionic Breadth,113
10957,MALE?,Cranial,FL Foraminal Length,34.9
10957,MALE?,Cranial,FB Foraminal Breadth,31.3
10957,MALE?,Cranial,ec-ec Bi-Orbital Breadth,93.6
10957,MALE?,Cranial,fmt-fmt Upper Facial Breadth,105.4
10957,MALE?,Cranial,TFH Total Facial Height,110.4
10957,MALE?,Cranial,G'H Upper Facial Height,70.5
10957,MALE?,Dental mandibular (permanent),R M1 mesiodistal,10.1
10957,MALE?,Dental mandibular (permanent),L M1 buccolingual,9.8
10957,MALE?,Cranial,O'1 Orbital Breadth L,36.5
10957,MALE?,Cranial,O'2 Orbital Length R,34.3
10957,MALE?,Cranial,O'2 Orbital Length L,33.5
10957,MALE?,Cranial,PBH Porion-Bregma Height R,125
10957,MALE?,Cranial,PBH Porion-Bregma Height L,128
10957,MALE?,Mandibular,ML Maximum Length,102
10957,MALE?,Mandibular,W1 Bicondylar Width,117.3
10957,MALE?,Mandibular,H1 Symphyseal Height,30.2
10957,MALE?,Mandibular,GoGo Bigonial Breadth,89.1
10957,MALE?,Mandibular,ZZ Biforamen Breadth,43.2
10957,MALE?,Mandibular,M< Mandibular Angle,120
10957,MALE?,Mandibular,RB' Minimum Ramus B R,34.4
10957,MALE?,Mandibular,RB' Minimum Ramus B L,35.4
10957,MALE?,Mandibular,CrH Coronoid Height R,66.7
10957,MALE?,Mandibular,CrH Coronoid Height L,69
10957,MALE?,Mandibular,RH Ramus Height R,68
10957,MALE?,Mandibular,RH Ramus Height L,66
10957,MALE?,Dental maxillary (permanent),R canine buccolingual,7.6
10957,MALE?,Dental mandibular (permanent),R M1 buccolingual,9.8
10957,MALE?,Dental maxillary (permanent),R M1 buccolingual,9.9
10957,MALE?,Dental maxillary (permanent),R M1 mesiodistal,9.7
10957,MALE?,Dental maxillary (permanent),L M1 buccolingual,10.2
10957,MALE?,Dental maxillary (permanent),L M1 mesiodistal,9.4
10957,MALE?,Dental mandibular (permanent),R canine buccolingual,8.1
10957,MALE?,Dental mandibular (permanent),R canine mesiodistal,6.1
10957,MALE?,Dental mandibular (permanent),L canine buccolingual,7.8
10957,MALE?,Dental mandibular (permanent),L canine mesiodistal,6.4
10957,MALE?,Dental mandibular (permanent),L M1 mesiodistal,10.1
10957,MALE?,Post-Cranial,CLL1 R,147.7
10957,MALE?,Post-Cranial,CLL1 L,146
10957,MALE?,Post-Cranial,GLL R,41.8
10957,MALE?,Post-Cranial,GLL L,44.9
10957,MALE?,Post-Cranial,GLB R,29.6
10957,MALE?,Post-Cranial,GLB L,29.7
10957,MALE?,Cranial,G'2 Palatal Breadth (end-end),39.3
11692,MALE?,Cranial,GB Bimaxillary Breadth,93.1
11692,MALE?,Cranial,NB Nasal Breadth,25.2
11692,MALE?,Cranial,SC Simotic Chord,13.9
11692,MALE?,Cranial,DC Bi-Dacryonic Chord,24
11692,MALE?,Cranial,DA Bi-Dacryonic Arc,35
11692,MALE?,Cranial,G'1 Palatal Length (st-o),49
11692,MALE?,Cranial,ext-L External Length,55.1
11692,MALE?,Cranial,ext-B External Breadth (ecm-ecm),61.1
11692,MALE?,Cranial,O'1 Orbital Breadth R,41.5
11692,MALE?,Cranial,L Maximum Length,187
11692,MALE?,Cranial,B Maximum Breadth,142
11692,MALE?,Cranial,H' Basi-Bregmatic Height,137
11692,MALE?,Cranial,LB Basi-Nasal Length,101
11692,MALE?,Cranial,J Bizygomatic Breadth,129
11692,MALE?,Cranial,GL Basi-Alveolar Length,92
11692,MALE?,Cranial,BQ' Transverse Biporial Arc,340
11692,MALE?,Cranial,S1 Frontal Arc,125
11692,MALE?,Cranial,S2 Parietal Arc,130
11692,MALE?,Cranial,S3 Occipital Arc,115
11692,MALE?,Cranial,S1' Frontal Chord,106.7
11692,MALE?,Cranial,S2' Parietal Chord,116.6
11692,MALE?,Cranial,S3' Occipital Chord,101.2
11692,MALE?,Cranial,U Max. Circumference,538
11692,MALE?,Cranial,Biast B Biasterionic Breadth,110
11692,MALE?,Cranial,FL Foraminal Length,38.9
11692,MALE?,Cranial,FB Foraminal Breadth,30.2
11692,MALE?,Cranial,ec-ec Bi-Orbital Breadth,101.2
11692,MALE?,Cranial,fmt-fmt Upper Facial Breadth,110.5
11692,MALE?,Cranial,G'H Upper Facial Height,69.9
11692,MALE?,Cranial,O'1 Orbital Breadth L,39.7
11692,MALE?,Cranial,O'2 Orbital Length R,33.4
11692,MALE?,Cranial,O'2 Orbital Length L,34.2
11692,MALE?,Cranial,PBH Porion-Bregma Height R,131
11692,MALE?,Cranial,PBH Porion-Bregma Height L,127
11692,MALE?,Cranial,G'2 Palatal Breadth (end-end),39.5
13017,FEMALE,Cranial,GB Bimaxillary Breadth,85.7
13017,FEMALE,Cranial,NH' Nasal Height,50.3
13017,FEMALE,Cranial,NB Nasal Breadth,23.9
13017,FEMALE,Cranial,SC Simotic Chord,9.7
13017,FEMALE,Cranial,DC Bi-Dacryonic Chord,24.1
13017,FEMALE,Cranial,DA Bi-Dacryonic Arc,35
13017,FEMALE,Cranial,G'1 Palatal Length (st-o),42.4
13017,FEMALE,Cranial,ext-L External Length,47.7
13017,FEMALE,Cranial,ext-B External Breadth (ecm-ecm),60.8
13017,FEMALE,Cranial,O'1 Orbital Breadth R,39.4
13017,FEMALE,Cranial,L Maximum Length,165
13017,FEMALE,Cranial,B Maximum Breadth,143
13017,FEMALE,Cranial,H' Basi-Bregmatic Height,121
13017,FEMALE,Cranial,LB Basi-Nasal Length,87
13017,FEMALE,Dental maxillary (permanent),R canine mesiodistal,7.2
13017,FEMALE,Dental maxillary (permanent),L canine buccolingual,8.6
13017,FEMALE,Dental maxillary (permanent),L canine mesiodistal,7.4
13017,FEMALE,Cranial,GL Basi-Alveolar Length,87
13017,FEMALE,Cranial,S1 Frontal Arc,117
13017,FEMALE,Cranial,S2 Parietal Arc,117
13017,FEMALE,Cranial,S3 Occipital Arc,105
13017,FEMALE,Cranial,S1' Frontal Chord,103.7
13017,FEMALE,Cranial,S2' Parietal Chord,106.8
13017,FEMALE,Cranial,S3' Occipital Chord,85.8
13017,FEMALE,Cranial,U Max. Circumference,495
13017,FEMALE,Cranial,FL Foraminal Length,33.1
13017,FEMALE,Cranial,FB Foraminal Breadth,26
13017,FEMALE,Cranial,ec-ec Bi-Orbital Breadth,97.8
13017,FEMALE,Cranial,fmt-fmt Upper Facial Breadth,99.9
13017,FEMALE,Cranial,G'H Upper Facial Height,61.8
13017,FEMALE,Dental mandibular (permanent),R M1 mesiodistal,10.7
13017,FEMALE,Dental mandibular (permanent),L M1 buccolingual,9.6
13017,FEMALE,Cranial,O'1 Orbital Breadth L,35.8
13017,FEMALE,Cranial,O'2 Orbital Length R,33.3
13017,FEMALE,Cranial,O'2 Orbital Length L,33.6
13017,FEMALE,Cranial,PBH Porion-Bregma Height R,126
13017,FEMALE,Cranial,PBH Porion-Bregma Height L,120
13017,FEMALE,Mandibular,H1 Symphyseal Height,23.9
13017,FEMALE,Mandibular,M< Mandibular Angle,120
13017,FEMALE,Mandibular,RB' Minimum Ramus B R,34.7
13017,FEMALE,Mandibular,RB' Minimum Ramus B L,34.9
13017,FEMALE,Mandibular,CrH Coronoid Height R,55.7
13017,FEMALE,Mandibular,CrH Coronoid Height L,55.8
13017,FEMALE,Mandibular,RH Ramus Height R,59.5
13017,FEMALE,Mandibular,RH Ramus Height L,59.9
13017,FEMALE,Dental maxillary (permanent),R canine buccolingual,8.4
13017,FEMALE,Dental mandibular (permanent),R M1 buccolingual,9.9
13017,FEMALE,Post-Cranial,BW,41.7
13017,FEMALE,Post-Cranial,FeL1 R,398
13017,FEMALE,Post-Cranial,FeL1 L,399
13017,FEMALE,Dental maxillary (permanent),R M1 buccolingual,10.2
13017,FEMALE,Dental maxillary (permanent),R M1 mesiodistal,9.6
13017,FEMALE,Dental maxillary (permanent),L M1 buccolingual,10.7
13017,FEMALE,Dental maxillary (permanent),L M1 mesiodistal,9.3
13017,FEMALE,Dental mandibular (permanent),R canine buccolingual,7.6
13017,FEMALE,Dental mandibular (permanent),R canine mesiodistal,6.4
13017,FEMALE,Dental mandibular (permanent),L canine buccolingual,7.6
13017,FEMALE,Dental mandibular (permanent),L canine mesiodistal,6.5
13017,FEMALE,Dental mandibular (permanent),L M1 mesiodistal,10.8
13017,FEMALE,Post-Cranial,GLL R,39.2
13017,FEMALE,Post-Cranial,GLL L,38
13017,FEMALE,Post-Cranial,GLB R,22.6
13017,FEMALE,Post-Cranial,GLB L,21.9
13017,FEMALE,Post-Cranial,HuL1 R,290
13017,FEMALE,Post-Cranial,HuL1 L,282
13017,FEMALE,Post-Cranial,HuHD R,37.2
13017,FEMALE,Post-Cranial,HuHD L,37.4
13017,FEMALE,Post-Cranial,HuD1 R,18.8
13017,FEMALE,Post-Cranial,HuD1 L,19.5
13017,FEMALE,Post-Cranial,HuD2 R,15.6
13017,FEMALE,Post-Cranial,HuD2 L,15.4
13017,FEMALE,Post-Cranial,HuC R,58
13017,FEMALE,Post-Cranial,HuC L,58
13017,FEMALE,Post-Cranial,HuE1 R,50.9
13017,FEMALE,Post-Cranial,HuE1 L,50.3
13017,FEMALE,Post-Cranial,RaL R,214
13017,FEMALE,Post-Cranial,RaL L,210
13017,FEMALE,Post-Cranial,RaHD R,19.1
13017,FEMALE,Post-Cranial,RaHD L,18.9
13017,FEMALE,Post-Cranial,ULL1 R,234
13017,FEMALE,Post-Cranial,TaL L,45.9
13017,FEMALE,Post-Cranial,FeD1 R,20.4
13017,FEMALE,Post-Cranial,FeD1 L,20.9
13017,FEMALE,Post-Cranial,FeD2 R,28.9
13017,FEMALE,Post-Cranial,FeD2 L,27.9
13017,FEMALE,Post-Cranial,FeD3 R,22.5
13017,FEMALE,Post-Cranial,FeD3 L,22.3
13017,FEMALE,Post-Cranial,FeD4 R,23.1
13017,FEMALE,Post-Cranial,FeD4 L,23.7
13017,FEMALE,Post-Cranial,FeC R,74
13017,FEMALE,Post-Cranial,FeC L,73
13017,FEMALE,Post-Cranial,FeE R,68.2
13017,FEMALE,Post-Cranial,FeE L,68.8
13017,FEMALE,Post-Cranial,TiL1 R,323
13017,FEMALE,Post-Cranial,TiL1 L,327
13017,FEMALE,Post-Cranial,TiL2 R,321
13017,FEMALE,Post-Cranial,TiL2 L,323
13017,FEMALE,Post-Cranial,TiD1 R,29.8
13017,FEMALE,Post-Cranial,TiD1 L,29.8
13017,FEMALE,Post-Cranial,TiD2 R,20.4
13017,FEMALE,Post-Cranial,TiD2 L,20.4
13017,FEMALE,Post-Cranial,TiE R,63.2
13017,FEMALE,Post-Cranial,TiE L,62.5
13017,FEMALE,Post-Cranial,FiL1 L,322
13017,FEMALE,Post-Cranial,CaL R,67.5
13017,FEMALE,Post-Cranial,CaL L,67.7
13017,FEMALE,Post-Cranial,TaL R,48
13017,FEMALE,Post-Cranial,FeHD L,38
13017,FEMALE,Post-Cranial,FeL2 R,395
13017,FEMALE,Post-Cranial,FeL2 L,395
13017,FEMALE,Post-Cranial,FeHD R,38.5
13017,FEMALE,Cranial,G'2 Palatal Breadth (end-end),36.8
13056,MALE,Cranial,GB Bimaxillary Breadth,83
13056,MALE,Cranial,NH' Nasal Height,57.5
13056,MALE,Cranial,NB Nasal Breadth,22.4
13056,MALE,Cranial,SC Simotic Chord,9.6
13056,MALE,Cranial,DC Bi-Dacryonic Chord,25.4
13056,MALE,Cranial,DA Bi-Dacryonic Arc,40
13056,MALE,Cranial,G'1 Palatal Length (st-o),42.7
13056,MALE,Cranial,ext-L External Length,57.6
13056,MALE,Cranial,ext-B External Breadth (ecm-ecm),68.6
13056,MALE,Cranial,O'1 Orbital Breadth R,39.4
13056,MALE,Cranial,L Maximum Length,179
13056,MALE,Cranial,B Maximum Breadth,147
13056,MALE,Cranial,H' Basi-Bregmatic Height,127
13056,MALE,Cranial,LB Basi-Nasal Length,97
13056,MALE,Cranial,J Bizygomatic Breadth,127
13056,MALE,Cranial,GL Basi-Alveolar Length,105
13056,MALE,Cranial,BQ' Transverse Biporial Arc,330
13056,MALE,Cranial,S1 Frontal Arc,120
13056,MALE,Cranial,S2 Parietal Arc,126
13056,MALE,Cranial,S3 Occipital Arc,124
13056,MALE,Cranial,S1' Frontal Chord,110
13056,MALE,Cranial,S2' Parietal Chord,110.9
13056,MALE,Cranial,S3' Occipital Chord,100.8
13056,MALE,Cranial,U Max. Circumference,517
13056,MALE,Cranial,FL Foraminal Length,34.3
13056,MALE,Cranial,FB Foraminal Breadth,26.5
13056,MALE,Cranial,ec-ec Bi-Orbital Breadth,90.7
13056,MALE,Cranial,fmt-fmt Upper Facial Breadth,102.2
13056,MALE,Cranial,TFH Total Facial Height,117.8
13056,MALE,Cranial,G'H Upper Facial Height,72.7
13056,MALE,Cranial,O'1 Orbital Breadth L,36.4
13056,MALE,Cranial,O'2 Orbital Length R,32.5
13056,MALE,Cranial,O'2 Orbital Length L,32.2
13056,MALE,Cranial,PBH Porion-Bregma Height R,127
13056,MALE,Cranial,PBH Porion-Bregma Height L,127
13056,MALE,Mandibular,ML Maximum Length,110
13056,MALE,Mandibular,W1 Bicondylar Width,109.1
13056,MALE,Mandibular,H1 Symphyseal Height,32.6
13056,MALE,Mandibular,GoGo Bigonial Breadth,105.7
13056,MALE,Mandibular,ZZ Biforamen Breadth,50.8
13056,MALE,Mandibular,M< Mandibular Angle,120
13056,MALE,Mandibular,RB' Minimum Ramus B R,35.6
13056,MALE,Mandibular,RB' Minimum Ramus B L,35.8
13056,MALE,Mandibular,CrH Coronoid Height R,63.7
13056,MALE,Mandibular,CrH Coronoid Height L,62.5
13056,MALE,Mandibular,RH Ramus Height R,68.8
13056,MALE,Mandibular,RH Ramus Height L,66.9
13056,MALE,Post-Cranial,FeL1 R,468
13056,MALE,Post-Cranial,FeL1 L,472
13056,MALE,Post-Cranial,HuL1 R,337
13056,MALE,Post-Cranial,HuHD R,44.4
13056,MALE,Post-Cranial,HuD1 R,24.9
13056,MALE,Post-Cranial,HuD2 R,18.4
13056,MALE,Post-Cranial,HuC R,75
13056,MALE,Post-Cranial,HuE1 R,62.1
13056,MALE,Post-Cranial,RaL R,254
13056,MALE,Post-Cranial,RaHD R,22.9
13056,MALE,Post-Cranial,ULL1 R,274
13056,MALE,Post-Cranial,TaL L,52.9
13056,MALE,Post-Cranial,FeD1 R,25.2
13056,MALE,Post-Cranial,FeD1 L,26.9
13056,MALE,Post-Cranial,FeD2 R,36.8
13056,MALE,Post-Cranial,FeD2 L,35.8
13056,MALE,Post-Cranial,FeD3 R,31.1
13056,MALE,Post-Cranial,FeD3 L,31.7
13056,MALE,Post-Cranial,FeD4 R,27.5
13056,MALE,Post-Cranial,FeD4 L,28.7
13056,MALE,Post-Cranial,FeC R,95
13056,MALE,Post-Cranial,FeC L,96
13056,MALE,Post-Cranial,FeE R,78.1
13056,MALE,Post-Cranial,FeE L,78.5
13056,MALE,Post-Cranial,TiL1 R,379
13056,MALE,Post-Cranial,TiL1 L,374
13056,MALE,Post-Cranial,TiL2 R,377
13056,MALE,Post-Cranial,TiL2 L,374
13056,MALE,Post-Cranial,TiD1 R,35.8
13056,MALE,Post-Cranial,TiD1 L,34.6
13056,MALE,Post-Cranial,TiD2 R,26.9
13056,MALE,Post-Cranial,TiD2 L,25.9
13056,MALE,Post-Cranial,TiE R,75
13056,MALE,Post-Cranial,TiE L,73.3
13056,MALE,Post-Cranial,CaL R,76.9
13056,MALE,Post-Cranial,CaL L,76
13056,MALE,Post-Cranial,TaL R,53.9
13056,MALE,Post-Cranial,FeHD L,45.8
13056,MALE,Post-Cranial,FeL2 R,468
13056,MALE,Post-Cranial,FeL2 L,471
13056,MALE,Post-Cranial,FeHD R,46.7
13056,MALE,Cranial,G'2 Palatal Breadth (end-end),44.6
13367,FEMALE,Cranial,GB Bimaxillary Breadth,85.8
13367,FEMALE,Cranial,NH' Nasal Height,48.3
13367,FEMALE,Cranial,NB Nasal Breadth,23.9
13367,FEMALE,Cranial,SC Simotic Chord,14.1
13367,FEMALE,Cranial,DC Bi-Dacryonic Chord,27.6
13367,FEMALE,Cranial,DA Bi-Dacryonic Arc,42
13367,FEMALE,Cranial,G'1 Palatal Length (st-o),51.7
13367,FEMALE,Cranial,ext-L External Length,53.1
13367,FEMALE,Cranial,ext-B External Breadth (ecm-ecm),61.7
13367,FEMALE,Cranial,O'1 Orbital Breadth R,37.6
13367,FEMALE,Cranial,L Maximum Length,186
13367,FEMALE,Cranial,B Maximum Breadth,141
13367,FEMALE,Cranial,H' Basi-Bregmatic Height,134
13367,FEMALE,Cranial,LB Basi-Nasal Length,95
13367,FEMALE,Cranial,J Bizygomatic Breadth,119
13367,FEMALE,Dental maxillary (permanent),R canine mesiodistal,6.9
13367,FEMALE,Dental maxillary (permanent),L canine buccolingual,8.2
13367,FEMALE,Dental maxillary (permanent),L canine mesiodistal,7.2
13367,FEMALE,Cranial,GL Basi-Alveolar Length,96
13367,FEMALE,Cranial,S1 Frontal Arc,136
13367,FEMALE,Cranial,S2 Parietal Arc,116
13367,FEMALE,Cranial,S3 Occipital Arc,125
13367,FEMALE,Cranial,S1' Frontal Chord,118.6
13367,FEMALE,Cranial,S2' Parietal Chord,108.8
13367,FEMALE,Cranial,S3' Occipital Chord,101.3
13367,FEMALE,Cranial,U Max. Circumference,532
13367,FEMALE,Cranial,Biast B Biasterionic Breadth,120
13367,FEMALE,Cranial,FL Foraminal Length,32.8
13367,FEMALE,Cranial,FB Foraminal Breadth,29.2
13367,FEMALE,Cranial,ec-ec Bi-Orbital Breadth,91.1
13367,FEMALE,Cranial,fmt-fmt Upper Facial Breadth,102.1
13367,FEMALE,Cranial,TFH Total Facial Height,112.6
13367,FEMALE,Cranial,G'H Upper Facial Height,66.9
13367,FEMALE,Dental mandibular (permanent),R M1 mesiodistal,10.4
13367,FEMALE,Dental mandibular (permanent),L M1 buccolingual,10.1
13367,FEMALE,Cranial,O'1 Orbital Breadth L,35.2
13367,FEMALE,Cranial,O'2 Orbital Length R,31.3
13367,FEMALE,Cranial,O'2 Orbital Length L,29.6
13367,FEMALE,Cranial,PBH Porion-Bregma Height R,126
13367,FEMALE,Cranial,PBH Porion-Bregma Height L,124
13367,FEMALE,Mandibular,ML Maximum Length,102
13367,FEMALE,Mandibular,H1 Symphyseal Height,29.3
13367,FEMALE,Mandibular,GoGo Bigonial Breadth,88.6
13367,FEMALE,Mandibular,ZZ Biforamen Breadth,42.8
13367,FEMALE,Mandibular,M< Mandibular Angle,126
13367,FEMALE,Mandibular,RB' Minimum Ramus B R,32.6
13367,FEMALE,Mandibular,RB' Minimum Ramus B L,31.9
13367,FEMALE,Mandibular,CrH Coronoid Height R,61.6
13367,FEMALE,Mandibular,CrH Coronoid Height L,60.2
13367,FEMALE,Mandibular,RH Ramus Height R,59.7
13367,FEMALE,Mandibular,RH Ramus Height L,63.4
13367,FEMALE,Dental maxillary (permanent),R canine buccolingual,8.3
13367,FEMALE,Dental mandibular (permanent),R M1 buccolingual,10.2
13367,FEMALE,Post-Cranial,SaB,113.7
13367,FEMALE,Post-Cranial,BW,51.8
13367,FEMALE,Dental maxillary (permanent),R M1 buccolingual,9.6
13367,FEMALE,Dental maxillary (permanent),R M1 mesiodistal,10.4
13367,FEMALE,Dental maxillary (permanent),L M1 buccolingual,10.6
13367,FEMALE,Dental maxillary (permanent),L M1 mesiodistal,9.9
13367,FEMALE,Dental mandibular (permanent),R canine buccolingual,7.8
13367,FEMALE,Dental mandibular (permanent),R canine mesiodistal,6.4
13367,FEMALE,Dental mandibular (permanent),L canine buccolingual,7.6
13367,FEMALE,Dental mandibular (permanent),L canine mesiodistal,6.2
13367,FEMALE,Dental mandibular (permanent),L M1 mesiodistal,10.5
13367,FEMALE,Post-Cranial,CLL1 R,133.5
13367,FEMALE,Post-Cranial,GLL R,38.6
13367,FEMALE,Post-Cranial,GLB R,23.9
13367,FEMALE,Post-Cranial,GLB L,24.6
13367,FEMALE,Post-Cranial,HuL1 R,296
13367,FEMALE,Post-Cranial,HuL1 L,294
13367,FEMALE,Post-Cranial,HuHD R,39.9
13367,FEMALE,Post-Cranial,HuHD L,40.9
13367,FEMALE,Post-Cranial,HuD1 R,21.3
13367,FEMALE,Post-Cranial,HuD1 L,22.5
13367,FEMALE,Post-Cranial,HuD2 R,17.9
13367,FEMALE,Post-Cranial,HuD2 L,19
13367,FEMALE,Post-Cranial,HuC R,69
13367,FEMALE,Post-Cranial,HuC L,66
13367,FEMALE,Post-Cranial,HuE1 R,57.9
13367,FEMALE,Post-Cranial,HuE1 L,56.1
13367,FEMALE,Post-Cranial,RaL R,219
13367,FEMALE,Post-Cranial,RaL L,218
13367,FEMALE,Post-Cranial,RaHD R,20.8
13367,FEMALE,Post-Cranial,RaHD L,20.2
13367,FEMALE,Post-Cranial,ULL1 R,235
13367,FEMALE,Post-Cranial,ULL1 L,233
13367,FEMALE,Post-Cranial,TaL L,44.7
13367,FEMALE,Post-Cranial,FeD1 R,24.8
13367,FEMALE,Post-Cranial,FeD1 L,24.1
13367,FEMALE,Post-Cranial,FeD2 R,32.9
13367,FEMALE,Post-Cranial,FeD2 L,32.4
13367,FEMALE,Post-Cranial,FeE R,75.3
13367,FEMALE,Post-Cranial,FeE L,74.9
13367,FEMALE,Post-Cranial,TiL1 R,331
13367,FEMALE,Post-Cranial,TiL2 R,324
13367,FEMALE,Post-Cranial,TiD1 R,31.6
13367,FEMALE,Post-Cranial,TiD2 R,24.4
13367,FEMALE,Post-Cranial,TiE R,68.4
13367,FEMALE,Post-Cranial,FiL1 R,316
13367,FEMALE,Post-Cranial,CaL R,75.6
13367,FEMALE,Post-Cranial,CaL L,75.1
13367,FEMALE,Post-Cranial,TaL R,44.6
13367,FEMALE,Post-Cranial,FeHD L,40.8
13367,FEMALE,Post-Cranial,FeHD R,41.5
13367,FEMALE,Cranial,G'2 Palatal Breadth (end-end),41
17166,MALE,Mandibular,ML Maximum Length,108
17166,MALE,Mandibular,W1 Bicondylar Width,119.2
17166,MALE,Mandibular,H1 Symphyseal Height,25.3
17166,MALE,Mandibular,GoGo Bigonial Breadth,101.6
17166,MALE,Mandibular,ZZ Biforamen Breadth,45.8
17166,MALE,Mandibular,M< Mandibular Angle,126
17166,MALE,Mandibular,RB' Minimum Ramus B R,27.8
17166,MALE,Mandibular,RB' Minimum Ramus B L,28.2
17166,MALE,Mandibular,CrH Coronoid Height R,68.7
17166,MALE,Mandibular,CrH Coronoid Height L,73
17166,MALE,Mandibular,RH Ramus Height R,69.9
17166,MALE,Mandibular,RH Ramus Height L,71.6
17166,MALE,Post-Cranial,SaB,126.1
17166,MALE,Post-Cranial,BW,56.8
17166,MALE,Post-Cranial,FeL1 R,457
17166,MALE,Post-Cranial,FeL1 L,463
17166,MALE,Post-Cranial,CLL1 R,143
17166,MALE,Post-Cranial,CLL1 L,148
17166,MALE,Post-Cranial,GLL L,47.9
17166,MALE,Post-Cranial,GLB R,33.5
17166,MALE,Post-Cranial,GLB L,33.3
17166,MALE,Post-Cranial,HuL1 R,335
17166,MALE,Post-Cranial,HuL1 L,329
17166,MALE,Post-Cranial,HuHD R,50.7
17166,MALE,Post-Cranial,HuHD L,51.7
17166,MALE,Post-Cranial,HuD1 R,23.8
17166,MALE,Post-Cranial,HuD1 L,24.9
17166,MALE,Post-Cranial,HuD2 R,21.1
17166,MALE,Post-Cranial,HuD2 L,21
17166,MALE,Post-Cranial,HuC R,76
17166,MALE,Post-Cranial,HuC L,75
17166,MALE,Post-Cranial,HuE1 R,68.8
17166,MALE,Post-Cranial,HuE1 L,65.8
17166,MALE,Post-Cranial,RaL R,249
17166,MALE,Post-Cranial,RaL L,246
17166,MALE,Post-Cranial,RaHD R,27.8
17166,MALE,Post-Cranial,RaHD L,28
17166,MALE,Post-Cranial,ULL1 R,263
17166,MALE,Post-Cranial,ULL1 L,259
17166,MALE,Post-Cranial,TaL L,59.6
17166,MALE,Post-Cranial,FeD1 R,26.4
17166,MALE,Post-Cranial,FeD1 L,26.6
17166,MALE,Post-Cranial,FeD2 R,39.2
17166,MALE,Post-Cranial,FeD2 L,35.6
17166,MALE,Post-Cranial,FeD3 R,33.1
17166,MALE,Post-Cranial,FeD3 L,32.6
17166,MALE,Post-Cranial,FeD4 R,31.9
17166,MALE,Post-Cranial,FeD4 L,30.2
17166,MALE,Post-Cranial,FeC R,99
17166,MALE,Post-Cranial,FeE R,88.3
17166,MALE,Post-Cranial,FeE L,87.8
17166,MALE,Post-Cranial,TiL1 R,389
17166,MALE,Post-Cranial,TiL1 L,388
17166,MALE,Post-Cranial,TiL2 R,388
17166,MALE,Post-Cranial,TiL2 L,388
17166,MALE,Post-Cranial,TiD1 R,35.2
17166,MALE,Post-Cranial,TiD1 L,34.4
17166,MALE,Post-Cranial,TiD2 R,27
17166,MALE,Post-Cranial,TiD2 L,26.4
17166,MALE,Post-Cranial,TiE R,82.8
17166,MALE,Post-Cranial,TiE L,81.9
17166,MALE,Post-Cranial,FiL1 L,376
17166,MALE,Post-Cranial,CaL R,83.5
17166,MALE,Post-Cranial,CaL L,86.6
17166,MALE,Post-Cranial,TaL R,59.5
17166,MALE,Post-Cranial,FeHD L,51.7
17166,MALE,Post-Cranial,FeL2 R,458
17166,MALE,Post-Cranial,FeL2 L,462
17166,MALE,Post-Cranial,FeHD R,52.9
20065,MALE,Cranial,G'1 Palatal Length (st-o),39.8
20065,MALE,Cranial,ext-L External Length,49.3
20065,MALE,Cranial,ext-B External Breadth (ecm-ecm),64.3
20065,MALE,Dental maxillary (permanent),R canine mesiodistal,7.1
20065,MALE,Dental maxillary (permanent),L canine buccolingual,8
20065,MALE,Dental maxillary (permanent),L canine mesiodistal,6.9
20065,MALE,Cranial,S3 Occipital Arc,120
20065,MALE,Cranial,S3' Occipital Chord,95.5
20065,MALE,Cranial,ec-ec Bi-Orbital Breadth,95.9
20065,MALE,Cranial,fmt-fmt Upper Facial Breadth,106.1
20065,MALE,Dental mandibular (permanent),R M1 mesiodistal,11.2
20065,MALE,Dental mandibular (permanent),L M1 buccolingual,9.7
20065,MALE,Mandibular,ML Maximum Length,94
20065,MALE,Mandibular,W1 Bicondylar Width,116.5
20065,MALE,Mandibular,H1 Symphyseal Height,32.5
20065,MALE,Mandibular,GoGo Bigonial Breadth,99.4
20065,MALE,Mandibular,ZZ Biforamen Breadth,38.6
20065,MALE,Mandibular,M< Mandibular Angle,117
20065,MALE,Mandibular,RB' Minimum Ramus B R,31.3
20065,MALE,Mandibular,RB' Minimum Ramus B L,30.2
20065,MALE,Mandibular,CrH Coronoid Height R,67.1
20065,MALE,Mandibular,RH Ramus Height R,67.1
20065,MALE,Mandibular,RH Ramus Height L,68.3
20065,MALE,Dental maxillary (permanent),R canine buccolingual,8.5
20065,MALE,Dental mandibular (permanent),R M1 buccolingual,9.6
20065,MALE,Dental maxillary (permanent),R M1 buccolingual,10.8
20065,MALE,Dental maxillary (permanent),R M1 mesiodistal,11.2
20065,MALE,Dental maxillary (permanent),L M1 buccolingual,10.7
20065,MALE,Dental maxillary (permanent),L M1 mesiodistal,9.8
20065,MALE,Dental mandibular (permanent),R canine buccolingual,6.9
20065,MALE,Dental mandibular (permanent),R canine mesiodistal,6.7
20065,MALE,Dental mandibular (permanent),L canine buccolingual,7.3
20065,MALE,Dental mandibular (permanent),L canine mesiodistal,6.5
20065,MALE,Dental mandibular (permanent),L M1 mesiodistal,11.1
20065,MALE,Post-Cranial,CLL1 R,149
20065,MALE,Post-Cranial,RaL R,247
20065,MALE,Cranial,G'2 Palatal Breadth (end-end),43.7
20105,MALE,Dental maxillary (permanent),R canine mesiodistal,7.8
20105,MALE,Dental maxillary (permanent),L canine buccolingual,8.6
20105,MALE,Dental maxillary (permanent),L canine mesiodistal,8
20105,MALE,Dental mandibular (permanent),L M1 buccolingual,10.5
20105,MALE,Mandibular,H1 Symphyseal Height,32.7
20105,MALE,Mandibular,ZZ Biforamen Breadth,47.3
20105,MALE,Mandibular,M< Mandibular Angle,125
20105,MALE,Mandibular,RB' Minimum Ramus B R,32
20105,MALE,Mandibular,RB' Minimum Ramus B L,34.5
20105,MALE,Mandibular,CrH Coronoid Height L,64.9
20105,MALE,Mandibular,RH Ramus Height L,66.3
20105,MALE,Dental maxillary (permanent),R canine buccolingual,9.2
20105,MALE,Post-Cranial,SaB,113.1
20105,MALE,Post-Cranial,BW,50.9
20105,MALE,Post-Cranial,FeL1 R,438
20105,MALE,Post-Cranial,FeL1 L,442
20105,MALE,Dental mandibular (permanent),R canine buccolingual,9
20105,MALE,Dental mandibular (permanent),R canine mesiodistal,6.9
20105,MALE,Dental mandibular (permanent),L M1 mesiodistal,11.2
20105,MALE,Post-Cranial,CLL1 R,139.4
20105,MALE,Post-Cranial,CLL1 L,155
20105,MALE,Post-Cranial,GLL R,43.1
20105,MALE,Post-Cranial,GLL L,44.1
20105,MALE,Post-Cranial,GLB R,30.4
20105,MALE,Post-Cranial,GLB L,30.9
20105,MALE,Post-Cranial,HuL1 R,329
20105,MALE,Post-Cranial,HuL1 L,322
20105,MALE,Post-Cranial,HuHD R,50.3
20105,MALE,Post-Cranial,HuHD L,49.2
20105,MALE,Post-Cranial,HuD1 R,23.9
20105,MALE,Post-Cranial,HuD1 L,22.6
20105,MALE,Post-Cranial,HuD2 R,20.4
20105,MALE,Post-Cranial,HuD2 L,20.1
20105,MALE,Post-Cranial,HuC R,75
20105,MALE,Post-Cranial,HuC L,73
20105,MALE,Post-Cranial,HuE1 R,72.5
20105,MALE,Post-Cranial,HuE1 L,70.7
20105,MALE,Post-Cranial,RaL R,241
20105,MALE,Post-Cranial,RaHD R,24.5
20105,MALE,Post-Cranial,ULL1 R,262
20105,MALE,Post-Cranial,ULL1 L,258
20105,MALE,Post-Cranial,TaL L,55.1
20105,MALE,Post-Cranial,FeD1 R,28.9
20105,MALE,Post-Cranial,FeD1 L,28.5
20105,MALE,Post-Cranial,FeD2 R,33.8
20105,MALE,Post-Cranial,FeD2 L,34.5
20105,MALE,Post-Cranial,FeD3 R,27.9
20105,MALE,Post-Cranial,FeD3 L,27.2
20105,MALE,Post-Cranial,FeD4 R,30.6
20105,MALE,Post-Cranial,FeD4 L,31.4
20105,MALE,Post-Cranial,FeC R,94
20105,MALE,Post-Cranial,FeC L,94
20105,MALE,Post-Cranial,FeE R,81.8
20105,MALE,Post-Cranial,TiL1 R,358
20105,MALE,Post-Cranial,TiL1 L,358
20105,MALE,Post-Cranial,TiL2 R,357
20105,MALE,Post-Cranial,TiL2 L,355
20105,MALE,Post-Cranial,TiD1 R,36.8
20105,MALE,Post-Cranial,TiD1 L,34.3
20105,MALE,Post-Cranial,TiD2 R,21.5
20105,MALE,Post-Cranial,TiD2 L,21.9
20105,MALE,Post-Cranial,TiE L,77.2
20105,MALE,Post-Cranial,FiL1 L,351
20105,MALE,Post-Cranial,CaL R,82.8
20105,MALE,Post-Cranial,CaL L,81.6
20105,MALE,Post-Cranial,TaL R,55
20105,MALE,Post-Cranial,FeHD L,48.1
20105,MALE,Post-Cranial,FeL2 R,438
20105,MALE,Post-Cranial,FeL2 L,442
20105,MALE,Post-Cranial,FeHD R,47.5
20109,FEMALE,Cranial,GB Bimaxillary Breadth,95.1
20109,FEMALE,Cranial,NH' Nasal Height,48.2
20109,FEMALE,Cranial,NB Nasal Breadth,23.9
20109,FEMALE,Cranial,SC Simotic Chord,8.1
20109,FEMALE,Cranial,DC Bi-Dacryonic Chord,21.6
20109,FEMALE,Cranial,DA Bi-Dacryonic Arc,35
20109,FEMALE,Cranial,G'1 Palatal Length (st-o),47.7
20109,FEMALE,Cranial,ext-L External Length,52.5
20109,FEMALE,Cranial,ext-B External Breadth (ecm-ecm),61.3
20109,FEMALE,Cranial,O'1 Orbital Breadth R,36.5
20109,FEMALE,Cranial,L Maximum Length,176
20109,FEMALE,Cranial,J Bizygomatic Breadth,119.2
20109,FEMALE,Dental maxillary (permanent),R canine mesiodistal,7.1
20109,FEMALE,Dental maxillary (permanent),L canine buccolingual,7.6
20109,FEMALE,Dental maxillary (permanent),L canine mesiodistal,7
20109,FEMALE,Cranial,S1 Frontal Arc,130
20109,FEMALE,Cranial,S2 Parietal Arc,124
20109,FEMALE,Cranial,S3 Occipital Arc,115
20109,FEMALE,Cranial,S1' Frontal Chord,108.5
20109,FEMALE,Cranial,S2' Parietal Chord,112
20109,FEMALE,Cranial,S3' Occipital Chord,97.9
20109,FEMALE,Cranial,ec-ec Bi-Orbital Breadth,94.9
20109,FEMALE,Cranial,fmt-fmt Upper Facial Breadth,101
20109,FEMALE,Cranial,G'H Upper Facial Height,64.3
20109,FEMALE,Dental mandibular (permanent),R M1 mesiodistal,9.1
20109,FEMALE,Dental mandibular (permanent),L M1 buccolingual,9.4
20109,FEMALE,Cranial,O'1 Orbital Breadth L,37.4
20109,FEMALE,Cranial,O'2 Orbital Length R,32.7
20109,FEMALE,Cranial,O'2 Orbital Length L,32.8
20109,FEMALE,Cranial,PBH Porion-Bregma Height L,121
20109,FEMALE,Mandibular,H1 Symphyseal Height,28.8
20109,FEMALE,Mandibular,M< Mandibular Angle,130
20109,FEMALE,Mandibular,RB' Minimum Ramus B R,29.2
20109,FEMALE,Mandibular,RB' Minimum Ramus B L,30.6
20109,FEMALE,Mandibular,CrH Coronoid Height R,57.1
20109,FEMALE,Mandibular,CrH Coronoid Height L,59.6
20109,FEMALE,Mandibular,RH Ramus Height R,60
20109,FEMALE,Mandibular,RH Ramus Height L,63.2
20109,FEMALE,Dental maxillary (permanent),R canine buccolingual,7.7
20109,FEMALE,Dental mandibular (permanent),R M1 buccolingual,9.7
20109,FEMALE,Post-Cranial,SaL,103.1
20109,FEMALE,Post-Cranial,SaB,112.6
20109,FEMALE,Post-Cranial,BW,51.9
20109,FEMALE,Post-Cranial,FeL1 R,406
20109,FEMALE,Post-Cranial,FeL1 L,402
20109,FEMALE,Dental mandibular (permanent),R canine buccolingual,6.9
20109,FEMALE,Dental mandibular (permanent),R canine mesiodistal,5.5
20109,FEMALE,Dental mandibular (permanent),L canine buccolingual,7.1
20109,FEMALE,Dental mandibular (permanent),L canine mesiodistal,6
20109,FEMALE,Dental mandibular (permanent),L M1 mesiodistal,9.8
20109,FEMALE,Post-Cranial,CLL1 R,142.9
20109,FEMALE,Post-Cranial,GLL R,38.1
20109,FEMALE,Post-Cranial,GLB R,25.3
20109,FEMALE,Post-Cranial,HuL1 R,298
20109,FEMALE,Post-Cranial,HuHD R,42.3
20109,FEMALE,Post-Cranial,HuHD L,41.8
20109,FEMALE,Post-Cranial,HuD1 R,23.5
20109,FEMALE,Post-Cranial,HuD1 L,23.5
20109,FEMALE,Post-Cranial,HuD2 R,17.9
20109,FEMALE,Post-Cranial,HuD2 L,17.8
20109,FEMALE,Post-Cranial,HuC R,69
20109,FEMALE,Post-Cranial,HuC L,68
20109,FEMALE,Post-Cranial,HuE1 R,54.3
20109,FEMALE,Post-Cranial,HuE1 L,53.3
20109,FEMALE,Post-Cranial,ULL1 R,240
20109,FEMALE,Post-Cranial,ULL1 L,238
20109,FEMALE,Post-Cranial,TaL L,48.6
20109,FEMALE,Post-Cranial,FeD1 R,24.5
20109,FEMALE,Post-Cranial,FeD1 L,23.7
20109,FEMALE,Post-Cranial,FeD2 R,31.5
20109,FEMALE,Post-Cranial,FeD2 L,31.5
20109,FEMALE,Post-Cranial,FeD3 R,24.9
20109,FEMALE,Post-Cranial,FeD3 L,25.9
20109,FEMALE,Post-Cranial,FeD4 R,26.3
20109,FEMALE,Post-Cranial,FeD4 L,26.1
20109,FEMALE,Post-Cranial,FeC R,82
20109,FEMALE,Post-Cranial,FeC L,83
20109,FEMALE,Post-Cranial,FeE R,73.5
20109,FEMALE,Post-Cranial,FeE L,74.1
20109,FEMALE,Post-Cranial,TiL1 R,331
20109,FEMALE,Post-Cranial,TiL2 R,329
20109,FEMALE,Post-Cranial,TiD1 R,28.6
20109,FEMALE,Post-Cranial,TiD2 R,23.4
20109,FEMALE,Post-Cranial,CaL R,76.8
20109,FEMALE,Post-Cranial,CaL L,74.2
20109,FEMALE,Post-Cranial,TaL R,49.4
20109,FEMALE,Post-Cranial,FeHD L,42.1
20109,FEMALE,Post-Cranial,FeL2 R,402
20109,FEMALE,Post-Cranial,FeL2 L,403
20109,FEMALE,Post-Cranial,FeHD R,41.3
20109,FEMALE,Cranial,G'2 Palatal Breadth (end-end),34.7
20113,FEMALE?,Cranial,S1 Frontal Arc,130
20113,FEMALE?,Cranial,S2 Parietal Arc,120
20113,FEMALE?,Cranial,S1' Frontal Chord,110.1
20113,FEMALE?,Cranial,S2' Parietal Chord,109.3
20113,FEMALE?,Cranial,ec-ec Bi-Orbital Breadth,97.2
20113,FEMALE?,Cranial,fmt-fmt Upper Facial Breadth,107.1
20113,FEMALE?,Mandibular,H1 Symphyseal Height,32.8
20113,FEMALE?,Mandibular,ZZ Biforamen Breadth,43.9
20113,FEMALE?,Mandibular,RB' Minimum Ramus B L,31.9
20113,FEMALE?,Post-Cranial,HuL1 L,299
20113,FEMALE?,Post-Cranial,HuHD R,45.7
20113,FEMALE?,Post-Cranial,HuHD L,44.3
20113,FEMALE?,Post-Cranial,HuD1 R,22
20113,FEMALE?,Post-Cranial,HuD1 L,21.3
20113,FEMALE?,Post-Cranial,HuD2 R,16.9
20113,FEMALE?,Post-Cranial,HuD2 L,15.9
20113,FEMALE?,Post-Cranial,HuC R,70
20113,FEMALE?,Post-Cranial,HuC L,64
20113,FEMALE?,Post-Cranial,HuE1 R,61.6
20113,FEMALE?,Post-Cranial,HuE1 L,60.9
20113,FEMALE?,Post-Cranial,RaL R,220
20113,FEMALE?,Post-Cranial,RaL L,219
20538,MALE,Cranial,SC Simotic Chord,5.8
20538,MALE,Cranial,DC Bi-Dacryonic Chord,20.2
20538,MALE,Cranial,DA Bi-Dacryonic Arc,40
20538,MALE,Cranial,L Maximum Length,187
20538,MALE,Cranial,B Maximum Breadth,142
20538,MALE,Cranial,H' Basi-Bregmatic Height,129
20538,MALE,Cranial,LB Basi-Nasal Length,95
20538,MALE,Dental maxillary (permanent),R canine mesiodistal,7.6
20538,MALE,Cranial,S1 Frontal Arc,127
20538,MALE,Cranial,S2 Parietal Arc,122
20538,MALE,Cranial,S3 Occipital Arc,114
20538,MALE,Cranial,S1' Frontal Chord,110.5
20538,MALE,Cranial,S2' Parietal Chord,113.7
20538,MALE,Cranial,S3' Occipital Chord,96.9
20538,MALE,Cranial,U Max. Circumference,530
20538,MALE,Cranial,Biast B Biasterionic Breadth,122
20538,MALE,Cranial,FL Foraminal Length,39.6
20538,MALE,Cranial,FB Foraminal Breadth,36.5
20538,MALE,Cranial,ec-ec Bi-Orbital Breadth,93.7
20538,MALE,Cranial,fmt-fmt Upper Facial Breadth,106.7
20538,MALE,Dental mandibular (permanent),R M1 mesiodistal,11
20538,MALE,Dental mandibular (permanent),L M1 buccolingual,10.1
20538,MALE,Cranial,PBH Porion-Bregma Height R,120
20538,MALE,Cranial,PBH Porion-Bregma Height L,121
20538,MALE,Mandibular,H1 Symphyseal Height,28.1
20538,MALE,Mandibular,GoGo Bigonial Breadth,98.1
20538,MALE,Mandibular,ZZ Biforamen Breadth,42.1
20538,MALE,Mandibular,M< Mandibular Angle,135
20538,MALE,Mandibular,RB' Minimum Ramus B L,26.4
20538,MALE,Mandibular,CrH Coronoid Height R,53.9
20538,MALE,Mandibular,CrH Coronoid Height L,56.6
20538,MALE,Mandibular,RH Ramus Height L,58.9
20538,MALE,Dental maxillary (permanent),R canine buccolingual,8.6
20538,MALE,Dental mandibular (permanent),R M1 buccolingual,9.9
20538,MALE,Post-Cranial,SaL,93.7
20538,MALE,Post-Cranial,SaB,115.8
20538,MALE,Post-Cranial,BW,49.5
20538,MALE,Post-Cranial,FeL1 R,471
20538,MALE,Dental maxillary (permanent),R M1 buccolingual,10.8
20538,MALE,Dental maxillary (permanent),R M1 mesiodistal,9.9
20538,MALE,Dental maxillary (permanent),L M1 buccolingual,11
20538,MALE,Dental maxillary (permanent),L M1 mesiodistal,9.9
20538,MALE,Dental mandibular (permanent),R canine buccolingual,7.8
20538,MALE,Dental mandibular (permanent),R canine mesiodistal,6.5
20538,MALE,Dental mandibular (permanent),L canine buccolingual,8.3
20538,MALE,Dental mandibular (permanent),L canine mesiodistal,6.3
20538,MALE,Dental mandibular (permanent),L M1 mesiodistal,10.6
20538,MALE,Post-Cranial,CLL1 R,153.7
20538,MALE,Post-Cranial,CLL1 L,152.9
20538,MALE,Post-Cranial,GLL R,44.8
20538,MALE,Post-Cranial,GLL L,43.3
20538,MALE,Post-Cranial,GLB R,28.1
20538,MALE,Post-Cranial,GLB L,28.7
20538,MALE,Post-Cranial,HuL1 R,347
20538,MALE,Post-Cranial,HuL1 L,344
20538,MALE,Post-Cranial,HuHD R,46.3
20538,MALE,Post-Cranial,HuHD L,44.9
20538,MALE,Post-Cranial,HuD1 R,22.5
20538,MALE,Post-Cranial,HuD1 L,22.2
20538,MALE,Post-Cranial,HuD2 R,18.6
20538,MALE,Post-Cranial,HuD2 L,17.3
20538,MALE,Post-Cranial,HuC R,70
20538,MALE,Post-Cranial,HuC L,65
20538,MALE,Post-Cranial,HuE1 R,62.9
20538,MALE,Post-Cranial,HuE1 L,62.4
20538,MALE,Post-Cranial,RaL R,253
20538,MALE,Post-Cranial,RaL L,249
20538,MALE,Post-Cranial,RaHD R,22.2
20538,MALE,Post-Cranial,RaHD L,21.9
20538,MALE,Post-Cranial,ULL1 R,272
20538,MALE,Post-Cranial,ULL1 L,268
20538,MALE,Post-Cranial,TaL L,52.9
20538,MALE,Post-Cranial,FeD1 R,25.6
20538,MALE,Post-Cranial,FeD1 L,26.9
20538,MALE,Post-Cranial,FeD2 R,32.9
20538,MALE,Post-Cranial,FeD2 L,33.9
20538,MALE,Post-Cranial,FeD3 R,28.9
20538,MALE,Post-Cranial,FeD4 R,27.5
20538,MALE,Post-Cranial,FeC R,90
20538,MALE,Post-Cranial,FeE R,76.6
20538,MALE,Post-Cranial,TiL1 R,359
20538,MALE,Post-Cranial,TiL1 L,359
20538,MALE,Post-Cranial,TiL2 R,357
20538,MALE,Post-Cranial,TiL2 L,358
20538,MALE,Post-Cranial,TiD1 R,32.2
20538,MALE,Post-Cranial,TiD1 L,34
20538,MALE,Post-Cranial,TiD2 R,21.9
20538,MALE,Post-Cranial,TiD2 L,22.9
20538,MALE,Post-Cranial,TiE R,73.9
20538,MALE,Post-Cranial,TiE L,72.7
20538,MALE,Post-Cranial,FiL1 R,354
20538,MALE,Post-Cranial,CaL R,81.7
20538,MALE,Post-Cranial,CaL L,79.9
20538,MALE,Post-Cranial,TaL R,52.8
20538,MALE,Post-Cranial,FeHD L,51
20538,MALE,Post-Cranial,FeL2 R,468
20538,MALE,Post-Cranial,FeHD R,48.6
20543,MALE,Cranial,G'1 Palatal Length (st-o),53.9
20543,MALE,Cranial,ext-L External Length,61.3
20543,MALE,Dental maxillary (permanent),R canine mesiodistal,7.6
20543,MALE,Cranial,S1 Frontal Arc,130
20543,MALE,Cranial,S1' Frontal Chord,113.6
20543,MALE,Dental mandibular (permanent),R M1 mesiodistal,11.6
20543,MALE,Dental mandibular (permanent),L M1 buccolingual,10.7
20543,MALE,Mandibular,ML Maximum Length,107
20543,MALE,Mandibular,W1 Bicondylar Width,124.7
20543,MALE,Mandibular,H1 Symphyseal Height,34.1
20543,MALE,Mandibular,GoGo Bigonial Breadth,102.7
20543,MALE,Mandibular,ZZ Biforamen Breadth,49.9
20543,MALE,Mandibular,M< Mandibular Angle,129
20543,MALE,Mandibular,RB' Minimum Ramus B R,32.8
20543,MALE,Mandibular,RB' Minimum Ramus B L,33.5
20543,MALE,Mandibular,CrH Coronoid Height R,64.1
20543,MALE,Mandibular,CrH Coronoid Height L,65.1
20543,MALE,Mandibular,RH Ramus Height R,63.8
20543,MALE,Mandibular,RH Ramus Height L,64.7
20543,MALE,Dental maxillary (permanent),R canine buccolingual,8.5
20543,MALE,Dental mandibular (permanent),R M1 buccolingual,10.7
20543,MALE,Post-Cranial,SaB,118.5
20543,MALE,Post-Cranial,BW,49.2
20543,MALE,Post-Cranial,FeL1 R,446
20543,MALE,Post-Cranial,FeL1 L,451
20543,MALE,Dental maxillary (permanent),R M1 buccolingual,11.7
20543,MALE,Dental maxillary (permanent),R M1 mesiodistal,11.7
20543,MALE,Dental maxillary (permanent),L M1 buccolingual,11.8
20543,MALE,Dental maxillary (permanent),L M1 mesiodistal,10.3
20543,MALE,Dental mandibular (permanent),R canine buccolingual,8.9
20543,MALE,Dental mandibular (permanent),R canine mesiodistal,6.5
20543,MALE,Dental mandibular (permanent),L canine buccolingual,8.5
20543,MALE,Dental mandibular (permanent),L canine mesiodistal,6.5
20543,MALE,Dental mandibular (permanent),L M1 mesiodistal,11.7
20543,MALE,Post-Cranial,GLL R,44.8
20543,MALE,Post-Cranial,GLL L,47.1
20543,MALE,Post-Cranial,GLB R,27.2
20543,MALE,Post-Cranial,GLB L,28.5
20543,MALE,Post-Cranial,HuL1 R,303
20543,MALE,Post-Cranial,HuL1 L,306
20543,MALE,Post-Cranial,HuHD R,44.3
20543,MALE,Post-Cranial,HuHD L,44.3
20543,MALE,Post-Cranial,HuD1 R,23.9
20543,MALE,Post-Cranial,HuD1 L,23.6
20543,MALE,Post-Cranial,HuD2 R,18.4
20543,MALE,Post-Cranial,HuD2 L,20
20543,MALE,Post-Cranial,HuC R,76
20543,MALE,Post-Cranial,HuC L,75
20543,MALE,Post-Cranial,HuE1 R,61.6
20543,MALE,Post-Cranial,HuE1 L,62.4
20543,MALE,Post-Cranial,RaL R,228
20543,MALE,Post-Cranial,RaL L,233
20543,MALE,Post-Cranial,RaHD R,21.6
20543,MALE,Post-Cranial,RaHD L,22.4
20543,MALE,Post-Cranial,ULL1 R,250
20543,MALE,Post-Cranial,TaL L,48.4
20543,MALE,Post-Cranial,FeD1 R,25
20543,MALE,Post-Cranial,FeD1 L,26.5
20543,MALE,Post-Cranial,FeD2 R,30.9
20543,MALE,Post-Cranial,FeD2 L,29.9
20543,MALE,Post-Cranial,FeD3 R,32.7
20543,MALE,Post-Cranial,FeD3 L,30.6
20543,MALE,Post-Cranial,FeD4 R,26.5
20543,MALE,Post-Cranial,FeD4 L,27.8
20543,MALE,Post-Cranial,FeC R,95
20543,MALE,Post-Cranial,FeC L,94
20543,MALE,Post-Cranial,FeE R,79.6
20543,MALE,Post-Cranial,FeE L,78.3
20543,MALE,Post-Cranial,TiL1 R,363
20543,MALE,Post-Cranial,TiL1 L,361
20543,MALE,Post-Cranial,TiL2 R,364
20543,MALE,Post-Cranial,TiL2 L,359
20543,MALE,Post-Cranial,TiD1 R,33.1
20543,MALE,Post-Cranial,TiD1 L,31.9
20543,MALE,Post-Cranial,TiD2 R,26.1
20543,MALE,Post-Cranial,TiD2 L,25.2
20543,MALE,Post-Cranial,TiE R,73.6
20543,MALE,Post-Cranial,TiE L,72.9
20543,MALE,Post-Cranial,CaL R,82.3
20543,MALE,Post-Cranial,CaL L,76.5
20543,MALE,Post-Cranial,TaL R,52.1
20543,MALE,Post-Cranial,FeHD L,47.9
20543,MALE,Post-Cranial,FeL2 R,444
20543,MALE,Post-Cranial,FeL2 L,447
20543,MALE,Post-Cranial,FeHD R,48
20574,FEMALE?,Dental maxillary (permanent),R canine mesiodistal,7.5
20574,FEMALE?,Dental maxillary (permanent),L canine buccolingual,7.6
20574,FEMALE?,Dental maxillary (permanent),L canine mesiodistal,7.6
20574,FEMALE?,Dental mandibular (permanent),L M1 buccolingual,10.3
20574,FEMALE?,Mandibular,ML Maximum Length,104
20574,FEMALE?,Mandibular,W1 Bicondylar Width,117.7
20574,FEMALE?,Mandibular,H1 Symphyseal Height,29.5
20574,FEMALE?,Mandibular,GoGo Bigonial Breadth,87.9
20574,FEMALE?,Mandibular,ZZ Biforamen Breadth,41.2
20574,FEMALE?,Mandibular,M< Mandibular Angle,127
20574,FEMALE?,Mandibular,RB' Minimum Ramus B R,30.6
20574,FEMALE?,Mandibular,RB' Minimum Ramus B L,31
20574,FEMALE?,Mandibular,CrH Coronoid Height R,53.3
20574,FEMALE?,Mandibular,CrH Coronoid Height L,55.7
20574,FEMALE?,Mandibular,RH Ramus Height R,59.6
20574,FEMALE?,Mandibular,RH Ramus Height L,63.2
20574,FEMALE?,Dental maxillary (permanent),R canine buccolingual,7.2
20574,FEMALE?,Post-Cranial,SaB,113.7
20574,FEMALE?,Post-Cranial,BW,55
20574,FEMALE?,Dental maxillary (permanent),R M1 buccolingual,10.9
20574,FEMALE?,Dental maxillary (permanent),R M1 mesiodistal,10.9
20574,FEMALE?,Dental mandibular (permanent),R canine buccolingual,6.9
20574,FEMALE?,Dental mandibular (permanent),R canine mesiodistal,6.4
20574,FEMALE?,Dental mandibular (permanent),L canine buccolingual,6.9
20574,FEMALE?,Dental mandibular (permanent),L canine mesiodistal,6.4
20574,FEMALE?,Dental mandibular (permanent),L M1 mesiodistal,10.4
20574,FEMALE?,Post-Cranial,CLL1 R,135.3
20574,FEMALE?,Post-Cranial,GLL R,39.4
20574,FEMALE?,Post-Cranial,GLL L,40.2
20574,FEMALE?,Post-Cranial,GLB R,26.3
20574,FEMALE?,Post-Cranial,GLB L,26
20574,FEMALE?,Post-Cranial,HuL1 R,294
20574,FEMALE?,Post-Cranial,HuL1 L,288
20574,FEMALE?,Post-Cranial,HuHD R,42.3
20574,FEMALE?,Post-Cranial,HuHD L,43.3
20574,FEMALE?,Post-Cranial,HuD1 R,20.4
20574,FEMALE?,Post-Cranial,HuD1 L,20.9
20574,FEMALE?,Post-Cranial,HuD2 R,16.5
20574,FEMALE?,Post-Cranial,HuD2 L,16.9
20574,FEMALE?,Post-Cranial,HuC R,65
20574,FEMALE?,Post-Cranial,HuC L,63
20574,FEMALE?,Post-Cranial,HuE1 R,55.7
20574,FEMALE?,Post-Cranial,HuE1 L,55.2
20574,FEMALE?,Post-Cranial,RaHD L,19.9
20574,FEMALE?,Post-Cranial,TiL1 L,335
20574,FEMALE?,Post-Cranial,TiL2 L,334
20574,FEMALE?,Post-Cranial,TiD1 R,30.7
20574,FEMALE?,Post-Cranial,TiD1 L,29.9
20574,FEMALE?,Post-Cranial,TiD2 R,19.7
20574,FEMALE?,Post-Cranial,TiD2 L,19.4
20574,FEMALE?,Post-Cranial,TiE L,68.7
20574,FEMALE?,Post-Cranial,CaL R,75.6
20588,MALE,Post-Cranial,FeL1 R,477
20588,MALE,Post-Cranial,FeL1 L,473
20588,MALE,Post-Cranial,RaL R,259
20588,MALE,Post-Cranial,RaL L,259
20588,MALE,Post-Cranial,RaHD R,22.5
20588,MALE,Post-Cranial,RaHD L,22.7
20588,MALE,Post-Cranial,ULL1 R,277
20588,MALE,Post-Cranial,TaL L,53.9
20588,MALE,Post-Cranial,FeD1 R,27.1
20588,MALE,Post-Cranial,FeD1 L,25.2
20588,MALE,Post-Cranial,FeD2 R,38.9
20588,MALE,Post-Cranial,FeD2 L,36.8
20588,MALE,Post-Cranial,FeD3 R,29.7
20588,MALE,Post-Cranial,FeD3 L,28.3
20588,MALE,Post-Cranial,FeD4 R,28.6
20588,MALE,Post-Cranial,FeD4 L,29.5
20588,MALE,Post-Cranial,FeC R,95
20588,MALE,Post-Cranial,FeC L,93
20588,MALE,Post-Cranial,FeE R,86.3
20588,MALE,Post-Cranial,FeE L,84.8
20588,MALE,Post-Cranial,TiL1 R,367
20588,MALE,Post-Cranial,TiL1 L,372
20588,MALE,Post-Cranial,TiL2 R,361
20588,MALE,Post-Cranial,TiL2 L,370
20588,MALE,Post-Cranial,TiD1 R,39.2
20588,MALE,Post-Cranial,TiD1 L,37.6
20588,MALE,Post-Cranial,TiD2 R,26.9
20588,MALE,Post-Cranial,TiD2 L,27.2
20588,MALE,Post-Cranial,TiE R,87.3
20588,MALE,Post-Cranial,TiE L,83
20588,MALE,Post-Cranial,FeHD L,48.9
20588,MALE,Post-Cranial,FeL2 R,475
20588,MALE,Post-Cranial,FeL2 L,472
20588,MALE,Post-Cranial,FeHD R,48.6
20623,FEMALE?,Mandibular,ZZ Biforamen Breadth,45.5
20623,FEMALE?,Mandibular,RB' Minimum Ramus B L,33.7
20623,FEMALE?,Mandibular,CrH Coronoid Height L,63.3
20623,FEMALE?,Dental mandibular (permanent),R canine buccolingual,7.2
20623,FEMALE?,Dental mandibular (permanent),R canine mesiodistal,6.1
20623,FEMALE?,Dental mandibular (permanent),L canine buccolingual,6.5
20623,FEMALE?,Dental mandibular (permanent),L canine mesiodistal,5.9
20623,FEMALE?,Post-Cranial,HuE1 L,56.3
20623,FEMALE?,Post-Cranial,TaL L,44.8
20623,FEMALE?,Post-Cranial,CaL R,69.7
20623,FEMALE?,Post-Cranial,CaL L,66.1
20623,FEMALE?,Post-Cranial,TaL R,45.2
