East,South,Length,Width,Segment,Location,Area,artifact,count
901.39,75.07,12,12,2,Outside,144,Points,0
901.39,75.07,12,12,2,Outside,144,Abraders,1
901.39,75.07,12,12,2,Outside,144,Discs,0
901.39,75.07,12,12,2,Outside,144,Earplugs,0
901.39,75.07,12,12,2,Outside,144,Effigies,0
901.39,75.07,12,12,2,Outside,144,Ceramics,0
901.39,75.07,12,12,2,Outside,144,total,1
973.01,81.33,16,16,2,Outside,256,Points,0
973.01,81.33,16,16,2,Outside,256,Abraders,0
973.01,81.33,16,16,2,Outside,256,Discs,0
973.01,81.33,16,16,2,Outside,256,Earplugs,0
973.01,81.33,16,16,2,Outside,256,Effigies,1
973.01,81.33,16,16,2,Outside,256,Ceramics,0
973.01,81.33,16,16,2,Outside,256,total,1
889.71,163.21,17,18,1,Inside,306,Points,1
889.71,163.21,17,18,1,Inside,306,Abraders,0
889.71,163.21,17,18,1,Inside,306,Discs,1
889.71,163.21,17,18,1,Inside,306,Earplugs,0
889.71,163.21,17,18,1,Inside,306,Effigies,1
889.71,163.21,17,18,1,Inside,306,Ceramics,1
889.71,163.21,17,18,1,Inside,306,total,4
924.16,193.1,21,21.5,1,Inside,451.5,Points,2
924.16,193.1,21,21.5,1,Inside,451.5,Abraders,1
924.16,193.1,21,21.5,1,Inside,451.5,Discs,1
924.16,193.1,21,21.5,1,Inside,451.5,Earplugs,1
924.16,193.1,21,21.5,1,Inside,451.5,Effigies,0
924.16,193.1,21,21.5,1,Inside,451.5,Ceramics,5
924.16,193.1,21,21.5,1,Inside,451.5,total,10
911.9,216.55,20.5,20,1,Inside,410,Points,3
911.9,216.55,20.5,20,1,Inside,410,Abraders,2
911.9,216.55,20.5,20,1,Inside,410,Discs,2
911.9,216.55,20.5,20,1,Inside,410,Earplugs,1
911.9,216.55,20.5,20,1,Inside,410,Effigies,0
911.9,216.55,20.5,20,1,Inside,410,Ceramics,4
911.9,216.55,20.5,20,1,Inside,410,total,12
939.73,250.75,16.5,16,1,Inside,264,Points,0
939.73,250.75,16.5,16,1,Inside,264,Abraders,0
939.73,250.75,16.5,16,1,Inside,264,Discs,0
939.73,250.75,16.5,16,1,Inside,264,Earplugs,0
939.73,250.75,16.5,16,1,Inside,264,Effigies,0
939.73,250.75,16.5,16,1,Inside,264,Ceramics,0
939.73,250.75,16.5,16,1,Inside,264,total,0
948.29,229.06,18,19,1,Inside,342,Points,5
948.29,229.06,18,19,1,Inside,342,Abraders,0
948.29,229.06,18,19,1,Inside,342,Discs,5
948.29,229.06,18,19,1,Inside,342,Earplugs,0
948.29,229.06,18,19,1,Inside,342,Effigies,0
948.29,229.06,18,19,1,Inside,342,Ceramics,4
948.29,229.06,18,19,1,Inside,342,total,14
962.5,211.67,21,19,1,Inside,399,Points,13
962.5,211.67,21,19,1,Inside,399,Abraders,0
962.5,211.67,21,19,1,Inside,399,Discs,0
962.5,211.67,21,19,1,Inside,399,Earplugs,2
962.5,211.67,21,19,1,Inside,399,Effigies,2
962.5,211.67,21,19,1,Inside,399,Ceramics,12
962.5,211.67,21,19,1,Inside,399,total,29
979.24,194.28,7.5,8,2,Outside,60,Points,0
979.24,194.28,7.5,8,2,Outside,60,Abraders,0
979.24,194.28,7.5,8,2,Outside,60,Discs,0
979.24,194.28,7.5,8,2,Outside,60,Earplugs,0
979.24,194.28,7.5,8,2,Outside,60,Effigies,0
979.24,194.28,7.5,8,2,Outside,60,Ceramics,0
979.24,194.28,7.5,8,2,Outside,60,total,0
991.69,153.24,19,15.5,2,Outside,217,Points,1
991.69,153.24,19,15.5,2,Outside,217,Abraders,0
991.69,153.24,19,15.5,2,Outside,217,Discs,0
991.69,153.24,19,15.5,2,Outside,217,Earplugs,0
991.69,153.24,19,15.5,2,Outside,217,Effigies,1
991.69,153.24,19,15.5,2,Outside,217,Ceramics,0
991.69,153.24,19,15.5,2,Outside,217,total,2
982.35,175.13,17.5,17,2,Outside,297.5,Points,2
982.35,175.13,17.5,17,2,Outside,297.5,Abraders,0
982.35,175.13,17.5,17,2,Outside,297.5,Discs,1
982.35,175.13,17.5,17,2,Outside,297.5,Earplugs,0
982.35,175.13,17.5,17,2,Outside,297.5,Effigies,0
982.35,175.13,17.5,17,2,Outside,297.5,Ceramics,0
982.35,175.13,17.5,17,2,Outside,297.5,total,3
989.16,250.17,13,10.5,3,Outside,136.5,Points,0
989.16,250.17,13,10.5,3,Outside,136.5,Abraders,0
989.16,250.17,13,10.5,3,Outside,136.5,Discs,0
989.16,250.17,13,10.5,3,Outside,136.5,Earplugs,0
989.16,250.17,13,10.5,3,Outside,136.5,Effigies,0
989.16,250.17,13,10.5,3,Outside,136.5,Ceramics,0
989.16,250.17,13,10.5,3,Outside,136.5,total,0
998.31,211.08,13.5,12,3,Outside,162,Points,0
998.31,211.08,13.5,12,3,Outside,162,Abraders,0
998.31,211.08,13.5,12,3,Outside,162,Discs,1
998.31,211.08,13.5,12,3,Outside,162,Earplugs,0
998.31,211.08,13.5,12,3,Outside,162,Effigies,0
998.31,211.08,13.5,12,3,Outside,162,Ceramics,0
998.31,211.08,13.5,12,3,Outside,162,total,1
994.03,228.47,13,13,3,Outside,NA,Points,0
994.03,228.47,13,13,3,Outside,NA,Abraders,0
994.03,228.47,13,13,3,Outside,NA,Discs,1
994.03,228.47,13,13,3,Outside,NA,Earplugs,0
994.03,228.47,13,13,3,Outside,NA,Effigies,0
994.03,228.47,13,13,3,Outside,NA,Ceramics,2
994.03,228.47,13,13,3,Outside,NA,total,3
765.34,297.26,16.5,17,1,Inside,280.5,Points,3
765.34,297.26,16.5,17,1,Inside,280.5,Abraders,1
765.34,297.26,16.5,17,1,Inside,280.5,Discs,2
765.34,297.26,16.5,17,1,Inside,280.5,Earplugs,1
765.34,297.26,16.5,17,1,Inside,280.5,Effigies,0
765.34,297.26,16.5,17,1,Inside,280.5,Ceramics,1
765.34,297.26,16.5,17,1,Inside,280.5,total,8
786.94,255.64,21,20.5,1,Inside,430.5,Points,8
786.94,255.64,21,20.5,1,Inside,430.5,Abraders,1
786.94,255.64,21,20.5,1,Inside,430.5,Discs,7
786.94,255.64,21,20.5,1,Inside,430.5,Earplugs,NA
786.94,255.64,21,20.5,1,Inside,430.5,Effigies,1
786.94,255.64,21,20.5,1,Inside,430.5,Ceramics,10
786.94,255.64,21,20.5,1,Inside,430.5,total,27
796.29,228.47,19,19,1,Inside,361,Points,7
796.29,228.47,19,19,1,Inside,361,Abraders,1
796.29,228.47,19,19,1,Inside,361,Discs,11
796.29,228.47,19,19,1,Inside,361,Earplugs,1
796.29,228.47,19,19,1,Inside,361,Effigies,0
796.29,228.47,19,19,1,Inside,361,Ceramics,18
796.29,228.47,19,19,1,Inside,361,total,38
809.33,204.24,20,19,1,Inside,380,Points,6
809.33,204.24,20,19,1,Inside,380,Abraders,7
809.33,204.24,20,19,1,Inside,380,Discs,4
809.33,204.24,20,19,1,Inside,380,Earplugs,0
809.33,204.24,20,19,1,Inside,380,Effigies,0
809.33,204.24,20,19,1,Inside,380,Ceramics,14
809.33,204.24,20,19,1,Inside,380,total,31
835.8,184.31,19,18,1,Inside,342,Points,2
835.8,184.31,19,18,1,Inside,342,Abraders,1
835.8,184.31,19,18,1,Inside,342,Discs,3
835.8,184.31,19,18,1,Inside,342,Earplugs,0
835.8,184.31,19,18,1,Inside,342,Effigies,1
835.8,184.31,19,18,1,Inside,342,Ceramics,10
835.8,184.31,19,18,1,Inside,342,total,17
844.55,165.75,15,16,1,Inside,240,Points,2
844.55,165.75,15,16,1,Inside,240,Abraders,1
844.55,165.75,15,16,1,Inside,240,Discs,2
844.55,165.75,15,16,1,Inside,240,Earplugs,1
844.55,165.75,15,16,1,Inside,240,Effigies,1
844.55,165.75,15,16,1,Inside,240,Ceramics,4
844.55,165.75,15,16,1,Inside,240,total,11
867.91,203.66,21,20,1,Inside,420,Points,7
867.91,203.66,21,20,1,Inside,420,Abraders,1
867.91,203.66,21,20,1,Inside,420,Discs,3
867.91,203.66,21,20,1,Inside,420,Earplugs,2
867.91,203.66,21,20,1,Inside,420,Effigies,2
867.91,203.66,21,20,1,Inside,420,Ceramics,20
867.91,203.66,21,20,1,Inside,420,total,35
877.25,180.6,18,20.5,1,Inside,369,Points,3
877.25,180.6,18,20.5,1,Inside,369,Abraders,0
877.25,180.6,18,20.5,1,Inside,369,Discs,2
877.25,180.6,18,20.5,1,Inside,369,Earplugs,1
877.25,180.6,18,20.5,1,Inside,369,Effigies,0
877.25,180.6,18,20.5,1,Inside,369,Ceramics,3
877.25,180.6,18,20.5,1,Inside,369,total,9
825.87,142.69,12,12,2,Outside,144,Points,1
825.87,142.69,12,12,2,Outside,144,Abraders,1
825.87,142.69,12,12,2,Outside,144,Discs,0
825.87,142.69,12,12,2,Outside,144,Earplugs,0
825.87,142.69,12,12,2,Outside,144,Effigies,0
825.87,142.69,12,12,2,Outside,144,Ceramics,2
825.87,142.69,12,12,2,Outside,144,total,4
813.03,158.32,14,14.5,2,Outside,203,Points,1
813.03,158.32,14,14.5,2,Outside,203,Abraders,0
813.03,158.32,14,14.5,2,Outside,203,Discs,0
813.03,158.32,14,14.5,2,Outside,203,Earplugs,1
813.03,158.32,14,14.5,2,Outside,203,Effigies,0
813.03,158.32,14,14.5,2,Outside,203,Ceramics,4
813.03,158.32,14,14.5,2,Outside,203,total,6
800.57,177.47,14.5,15,2,Outside,217.5,Points,2
800.57,177.47,14.5,15,2,Outside,217.5,Abraders,0
800.57,177.47,14.5,15,2,Outside,217.5,Discs,0
800.57,177.47,14.5,15,2,Outside,217.5,Earplugs,0
800.57,177.47,14.5,15,2,Outside,217.5,Effigies,0
800.57,177.47,14.5,15,2,Outside,217.5,Ceramics,1
800.57,177.47,14.5,15,2,Outside,217.5,total,3
935.45,451.83,10,12,3,Outside,120,Points,0
935.45,451.83,10,12,3,Outside,120,Abraders,5
935.45,451.83,10,12,3,Outside,120,Discs,0
935.45,451.83,10,12,3,Outside,120,Earplugs,0
935.45,451.83,10,12,3,Outside,120,Effigies,0
935.45,451.83,10,12,3,Outside,120,Ceramics,0
935.45,451.83,10,12,3,Outside,120,total,5
953.35,407.67,11.5,12.5,3,Outside,143.75,Points,1
953.35,407.67,11.5,12.5,3,Outside,143.75,Abraders,0
953.35,407.67,11.5,12.5,3,Outside,143.75,Discs,0
953.35,407.67,11.5,12.5,3,Outside,143.75,Earplugs,1
953.35,407.67,11.5,12.5,3,Outside,143.75,Effigies,0
953.35,407.67,11.5,12.5,3,Outside,143.75,Ceramics,1
953.35,407.67,11.5,12.5,3,Outside,143.75,total,3
959.39,385.39,14,14,3,Outside,196,Points,2
959.39,385.39,14,14,3,Outside,196,Abraders,0
959.39,385.39,14,14,3,Outside,196,Discs,1
959.39,385.39,14,14,3,Outside,196,Earplugs,0
959.39,385.39,14,14,3,Outside,196,Effigies,0
959.39,385.39,14,14,3,Outside,196,Ceramics,1
959.39,385.39,14,14,3,Outside,196,total,4
967.56,365.66,16.5,15,3,Outside,247.5,Points,0
967.56,365.66,16.5,15,3,Outside,247.5,Abraders,0
967.56,365.66,16.5,15,3,Outside,247.5,Discs,0
967.56,365.66,16.5,15,3,Outside,247.5,Earplugs,0
967.56,365.66,16.5,15,3,Outside,247.5,Effigies,0
967.56,365.66,16.5,15,3,Outside,247.5,Ceramics,0
967.56,365.66,16.5,15,3,Outside,247.5,total,0
1017.58,274.98,16.5,14.5,3,Outside,239.25,Points,NA
1017.58,274.98,16.5,14.5,3,Outside,239.25,Abraders,NA
1017.58,274.98,16.5,14.5,3,Outside,239.25,Discs,0
1017.58,274.98,16.5,14.5,3,Outside,239.25,Earplugs,NA
1017.58,274.98,16.5,14.5,3,Outside,239.25,Effigies,1
1017.58,274.98,16.5,14.5,3,Outside,239.25,Ceramics,0
1017.58,274.98,16.5,14.5,3,Outside,239.25,total,1
1026.14,256.42,12,11.5,3,Outside,138,Points,2
1026.14,256.42,12,11.5,3,Outside,138,Abraders,0
1026.14,256.42,12,11.5,3,Outside,138,Discs,0
1026.14,256.42,12,11.5,3,Outside,138,Earplugs,0
1026.14,256.42,12,11.5,3,Outside,138,Effigies,0
1026.14,256.42,12,11.5,3,Outside,138,Ceramics,0
1026.14,256.42,12,11.5,3,Outside,138,total,2
1047.94,216.55,10,11,2,Outside,110,Points,0
1047.94,216.55,10,11,2,Outside,110,Abraders,1
1047.94,216.55,10,11,2,Outside,110,Discs,0
1047.94,216.55,10,11,2,Outside,110,Earplugs,0
1047.94,216.55,10,11,2,Outside,110,Effigies,0
1047.94,216.55,10,11,2,Outside,110,Ceramics,0
1047.94,216.55,10,11,2,Outside,110,total,1
1057.09,196.82,9,10,2,Outside,90,Points,1
1057.09,196.82,9,10,2,Outside,90,Abraders,0
1057.09,196.82,9,10,2,Outside,90,Discs,0
1057.09,196.82,9,10,2,Outside,90,Earplugs,0
1057.09,196.82,9,10,2,Outside,90,Effigies,0
1057.09,196.82,9,10,2,Outside,90,Ceramics,1
1057.09,196.82,9,10,2,Outside,90,total,2
1018.16,200.53,16,16,2,Outside,256,Points,0
1018.16,200.53,16,16,2,Outside,256,Abraders,0
1018.16,200.53,16,16,2,Outside,256,Discs,0
1018.16,200.53,16,16,2,Outside,256,Earplugs,0
1018.16,200.53,16,16,2,Outside,256,Effigies,0
1018.16,200.53,16,16,2,Outside,256,Ceramics,0
1018.16,200.53,16,16,2,Outside,256,total,0
932.92,359.99,14,14,3,Outside,196,Points,0
932.92,359.99,14,14,3,Outside,196,Abraders,0
932.92,359.99,14,14,3,Outside,196,Discs,0
932.92,359.99,14,14,3,Outside,196,Earplugs,0
932.92,359.99,14,14,3,Outside,196,Effigies,0
932.92,359.99,14,14,3,Outside,196,Ceramics,0
932.92,359.99,14,14,3,Outside,196,total,0
922.41,384.22,15,15,3,Outside,225,Points,1
922.41,384.22,15,15,3,Outside,225,Abraders,1
922.41,384.22,15,15,3,Outside,225,Discs,0
922.41,384.22,15,15,3,Outside,225,Earplugs,0
922.41,384.22,15,15,3,Outside,225,Effigies,0
922.41,384.22,15,15,3,Outside,225,Ceramics,0
922.41,384.22,15,15,3,Outside,225,total,2
908.2,405.33,14,15,3,Outside,210,Points,3
908.2,405.33,14,15,3,Outside,210,Abraders,0
908.2,405.33,14,15,3,Outside,210,Discs,0
908.2,405.33,14,15,3,Outside,210,Earplugs,0
908.2,405.33,14,15,3,Outside,210,Effigies,0
908.2,405.33,14,15,3,Outside,210,Ceramics,0
908.2,405.33,14,15,3,Outside,210,total,3
898.27,425.06,16,16,3,Outside,256,Points,1
898.27,425.06,16,16,3,Outside,256,Abraders,0
898.27,425.06,16,16,3,Outside,256,Discs,0
898.27,425.06,16,16,3,Outside,256,Earplugs,0
898.27,425.06,16,16,3,Outside,256,Effigies,0
898.27,425.06,16,16,3,Outside,256,Ceramics,2
898.27,425.06,16,16,3,Outside,256,total,3
854.48,397.9,18.5,19.5,1,Inside,360.75,Points,2
854.48,397.9,18.5,19.5,1,Inside,360.75,Abraders,0
854.48,397.9,18.5,19.5,1,Inside,360.75,Discs,0
854.48,397.9,18.5,19.5,1,Inside,360.75,Earplugs,3
854.48,397.9,18.5,19.5,1,Inside,360.75,Effigies,1
854.48,397.9,18.5,19.5,1,Inside,360.75,Ceramics,1
854.48,397.9,18.5,19.5,1,Inside,360.75,total,7
864.8,376.21,18,18,1,Inside,324,Points,0
864.8,376.21,18,18,1,Inside,324,Abraders,0
864.8,376.21,18,18,1,Inside,324,Discs,0
864.8,376.21,18,18,1,Inside,324,Earplugs,0
864.8,376.21,18,18,1,Inside,324,Effigies,0
864.8,376.21,18,18,1,Inside,324,Ceramics,0
864.8,376.21,18,18,1,Inside,324,total,0
894.57,356.28,14.5,14.5,1,Inside,210.25,Points,3
894.57,356.28,14.5,14.5,1,Inside,210.25,Abraders,0
894.57,356.28,14.5,14.5,1,Inside,210.25,Discs,0
894.57,356.28,14.5,14.5,1,Inside,210.25,Earplugs,0
894.57,356.28,14.5,14.5,1,Inside,210.25,Effigies,1
894.57,356.28,14.5,14.5,1,Inside,210.25,Ceramics,0
894.57,356.28,14.5,14.5,1,Inside,210.25,total,4
898.27,330.29,14,16,1,Inside,224,Points,2
898.27,330.29,14,16,1,Inside,224,Abraders,0
898.27,330.29,14,16,1,Inside,224,Discs,0
898.27,330.29,14,16,1,Inside,224,Earplugs,0
898.27,330.29,14,16,1,Inside,224,Effigies,0
898.27,330.29,14,16,1,Inside,224,Ceramics,2
898.27,330.29,14,16,1,Inside,224,total,4
NA,310.35,18.5,18,1,Inside,333,Points,1
NA,310.35,18.5,18,1,Inside,333,Abraders,0
NA,310.35,18.5,18,1,Inside,333,Discs,0
NA,310.35,18.5,18,1,Inside,333,Earplugs,0
NA,310.35,18.5,18,1,Inside,333,Effigies,0
NA,310.35,18.5,18,1,Inside,333,Ceramics,3
NA,310.35,18.5,18,1,Inside,333,total,4
913.65,289.25,18,24,1,Inside,432,Points,14
913.65,289.25,18,24,1,Inside,432,Abraders,2
913.65,289.25,18,24,1,Inside,432,Discs,5
913.65,289.25,18,24,1,Inside,432,Earplugs,2
913.65,289.25,18,24,1,Inside,432,Effigies,3
913.65,289.25,18,24,1,Inside,432,Ceramics,NA
913.65,289.25,18,24,1,Inside,432,total,26
866.74,288.08,20.5,16.5,1,Inside,338.25,Points,12
866.74,288.08,20.5,16.5,1,Inside,338.25,Abraders,0
866.74,288.08,20.5,16.5,1,Inside,338.25,Discs,1
866.74,288.08,20.5,16.5,1,Inside,338.25,Earplugs,0
866.74,288.08,20.5,16.5,1,Inside,338.25,Effigies,1
866.74,288.08,20.5,16.5,1,Inside,338.25,Ceramics,4
866.74,288.08,20.5,16.5,1,Inside,338.25,total,18
865.57,314.07,16,16,1,Inside,256,Points,2
865.57,314.07,16,16,1,Inside,256,Abraders,0
865.57,314.07,16,16,1,Inside,256,Discs,0
865.57,314.07,16,16,1,Inside,256,Earplugs,0
865.57,314.07,16,16,1,Inside,256,Effigies,2
865.57,314.07,16,16,1,Inside,256,Ceramics,1
865.57,314.07,16,16,1,Inside,256,total,5
859.35,336.34,18,17.5,1,Inside,315,Points,6
859.35,336.34,18,17.5,1,Inside,315,Abraders,2
859.35,336.34,18,17.5,1,Inside,315,Discs,4
859.35,336.34,18,17.5,1,Inside,315,Earplugs,4
859.35,336.34,18,17.5,1,Inside,315,Effigies,0
859.35,336.34,18,17.5,1,Inside,315,Ceramics,7
859.35,336.34,18,17.5,1,Inside,315,total,23
816.14,381.09,14.5,16,1,Inside,232,Points,2
816.14,381.09,14.5,16,1,Inside,232,Abraders,0
816.14,381.09,14.5,16,1,Inside,232,Discs,1
816.14,381.09,14.5,16,1,Inside,232,Earplugs,1
816.14,381.09,14.5,16,1,Inside,232,Effigies,0
816.14,381.09,14.5,16,1,Inside,232,Ceramics,3
816.14,381.09,14.5,16,1,Inside,232,total,7
837.16,341.42,15,15.5,1,Inside,232.5,Points,1
837.16,341.42,15,15.5,1,Inside,232.5,Abraders,0
837.16,341.42,15,15.5,1,Inside,232.5,Discs,1
837.16,341.42,15,15.5,1,Inside,232.5,Earplugs,1
837.16,341.42,15,15.5,1,Inside,232.5,Effigies,0
837.16,341.42,15,15.5,1,Inside,232.5,Ceramics,5
837.16,341.42,15,15.5,1,Inside,232.5,total,8
825.29,359.99,16.3,15,1,Inside,247.5,Points,1
825.29,359.99,16.3,15,1,Inside,247.5,Abraders,0
825.29,359.99,16.3,15,1,Inside,247.5,Discs,0
825.29,359.99,16.3,15,1,Inside,247.5,Earplugs,0
825.29,359.99,16.3,15,1,Inside,247.5,Effigies,0
825.29,359.99,16.3,15,1,Inside,247.5,Ceramics,10
825.29,359.99,16.3,15,1,Inside,247.5,total,11
824.7,291.01,18,17.5,1,Inside,315,Points,6
824.7,291.01,18,17.5,1,Inside,315,Abraders,0
824.7,291.01,18,17.5,1,Inside,315,Discs,1
824.7,291.01,18,17.5,1,Inside,315,Earplugs,2
824.7,291.01,18,17.5,1,Inside,315,Effigies,2
824.7,291.01,18,17.5,1,Inside,315,Ceramics,5
824.7,291.01,18,17.5,1,Inside,315,total,16
809.33,309.77,18,18,1,Inside,324,Points,11
809.33,309.77,18,18,1,Inside,324,Abraders,0
809.33,309.77,18,18,1,Inside,324,Discs,0
809.33,309.77,18,18,1,Inside,324,Earplugs,1
809.33,309.77,18,18,1,Inside,324,Effigies,3
809.33,309.77,18,18,1,Inside,324,Ceramics,2
809.33,309.77,18,18,1,Inside,324,total,17
789.48,339.47,15.5,16.5,1,Inside,255.75,Points,3
789.48,339.47,15.5,16.5,1,Inside,255.75,Abraders,0
789.48,339.47,15.5,16.5,1,Inside,255.75,Discs,0
789.48,339.47,15.5,16.5,1,Inside,255.75,Earplugs,0
789.48,339.47,15.5,16.5,1,Inside,255.75,Effigies,0
789.48,339.47,15.5,16.5,1,Inside,255.75,Ceramics,0
789.48,339.47,15.5,16.5,1,Inside,255.75,total,3
749.38,345.72,14.5,15,1,Inside,217.5,Points,0
749.38,345.72,14.5,15,1,Inside,217.5,Abraders,0
749.38,345.72,14.5,15,1,Inside,217.5,Discs,0
749.38,345.72,14.5,15,1,Inside,217.5,Earplugs,0
749.38,345.72,14.5,15,1,Inside,217.5,Effigies,0
749.38,345.72,14.5,15,1,Inside,217.5,Ceramics,3
749.38,345.72,14.5,15,1,Inside,217.5,total,3
754.83,325.21,19.5,19,1,Inside,370.5,Points,5
754.83,325.21,19.5,19,1,Inside,370.5,Abraders,0
754.83,325.21,19.5,19,1,Inside,370.5,Discs,2
754.83,325.21,19.5,19,1,Inside,370.5,Earplugs,2
754.83,325.21,19.5,19,1,Inside,370.5,Effigies,0
754.83,325.21,19.5,19,1,Inside,370.5,Ceramics,6
754.83,325.21,19.5,19,1,Inside,370.5,total,15
773.32,276.74,20,18,1,Inside,360,Points,12
773.32,276.74,20,18,1,Inside,360,Abraders,0
773.32,276.74,20,18,1,Inside,360,Discs,2
773.32,276.74,20,18,1,Inside,360,Earplugs,1
773.32,276.74,20,18,1,Inside,360,Effigies,0
773.32,276.74,20,18,1,Inside,360,Ceramics,3
773.32,276.74,20,18,1,Inside,360,total,18
774.68,360.58,16,15,1,Inside,240,Points,0
774.68,360.58,16,15,1,Inside,240,Abraders,1
774.68,360.58,16,15,1,Inside,240,Discs,0
774.68,360.58,16,15,1,Inside,240,Earplugs,0
774.68,360.58,16,15,1,Inside,240,Effigies,0
774.68,360.58,16,15,1,Inside,240,Ceramics,0
774.68,360.58,16,15,1,Inside,240,total,1
778.38,414.51,15,14.5,3,Outside,217.5,Points,0
778.38,414.51,15,14.5,3,Outside,217.5,Abraders,0
778.38,414.51,15,14.5,3,Outside,217.5,Discs,1
778.38,414.51,15,14.5,3,Outside,217.5,Earplugs,0
778.38,414.51,15,14.5,3,Outside,217.5,Effigies,0
778.38,414.51,15,14.5,3,Outside,217.5,Ceramics,2
778.38,414.51,15,14.5,3,Outside,217.5,total,3
788.31,399.46,14.5,14.5,3,Outside,210.25,Points,0
788.31,399.46,14.5,14.5,3,Outside,210.25,Abraders,0
788.31,399.46,14.5,14.5,3,Outside,210.25,Discs,0
788.31,399.46,14.5,14.5,3,Outside,210.25,Earplugs,0
788.31,399.46,14.5,14.5,3,Outside,210.25,Effigies,0
788.31,399.46,14.5,14.5,3,Outside,210.25,Ceramics,0
788.31,399.46,14.5,14.5,3,Outside,210.25,total,0
825.29,413.92,14.5,16.5,3,Outside,239.25,Points,0
825.29,413.92,14.5,16.5,3,Outside,239.25,Abraders,0
825.29,413.92,14.5,16.5,3,Outside,239.25,Discs,0
825.29,413.92,14.5,16.5,3,Outside,239.25,Earplugs,0
825.29,413.92,14.5,16.5,3,Outside,239.25,Effigies,0
825.29,413.92,14.5,16.5,3,Outside,239.25,Ceramics,0
825.29,413.92,14.5,16.5,3,Outside,239.25,total,0
835.8,125.49,12.5,11,2,Outside,137.5,Points,2
835.8,125.49,12.5,11,2,Outside,137.5,Abraders,0
835.8,125.49,12.5,11,2,Outside,137.5,Discs,1
835.8,125.49,12.5,11,2,Outside,137.5,Earplugs,0
835.8,125.49,12.5,11,2,Outside,137.5,Effigies,0
835.8,125.49,12.5,11,2,Outside,137.5,Ceramics,3
835.8,125.49,12.5,11,2,Outside,137.5,total,6
854.48,144.06,16,18,1,Inside,288,Points,8
854.48,144.06,16,18,1,Inside,288,Abraders,0
854.48,144.06,16,18,1,Inside,288,Discs,0
854.48,144.06,16,18,1,Inside,288,Earplugs,0
854.48,144.06,16,18,1,Inside,288,Effigies,0
854.48,144.06,16,18,1,Inside,288,Ceramics,2
854.48,144.06,16,18,1,Inside,288,total,10
878.42,116.7,13,15,2,Outside,195,Points,0
878.42,116.7,13,15,2,Outside,195,Abraders,0
878.42,116.7,13,15,2,Outside,195,Discs,0
878.42,116.7,13,15,2,Outside,195,Earplugs,0
878.42,116.7,13,15,2,Outside,195,Effigies,0
878.42,116.7,13,15,2,Outside,195,Ceramics,0
878.42,116.7,13,15,2,Outside,195,total,0
889.71,92.47,12,13,2,Outside,156,Points,0
889.71,92.47,12,13,2,Outside,156,Abraders,0
889.71,92.47,12,13,2,Outside,156,Discs,1
889.71,92.47,12,13,2,Outside,156,Earplugs,0
889.71,92.47,12,13,2,Outside,156,Effigies,1
889.71,92.47,12,13,2,Outside,156,Ceramics,1
889.71,92.47,12,13,2,Outside,156,total,3
943.43,74.49,12,12.5,2,Outside,150,Points,1
943.43,74.49,12,12.5,2,Outside,150,Abraders,0
943.43,74.49,12,12.5,2,Outside,150,Discs,0
943.43,74.49,12,12.5,2,Outside,150,Earplugs,0
943.43,74.49,12,12.5,2,Outside,150,Effigies,0
943.43,74.49,12,12.5,2,Outside,150,Ceramics,1
943.43,74.49,12,12.5,2,Outside,150,total,2
939.14,86.99,11,12,2,Outside,132,Points,0
939.14,86.99,11,12,2,Outside,132,Abraders,2
939.14,86.99,11,12,2,Outside,132,Discs,0
939.14,86.99,11,12,2,Outside,132,Earplugs,3
939.14,86.99,11,12,2,Outside,132,Effigies,0
939.14,86.99,11,12,2,Outside,132,Ceramics,1
939.14,86.99,11,12,2,Outside,132,total,6
924.94,97.55,12,12,2,Outside,144,Points,0
924.94,97.55,12,12,2,Outside,144,Abraders,0
924.94,97.55,12,12,2,Outside,144,Discs,0
924.94,97.55,12,12,2,Outside,144,Earplugs,0
924.94,97.55,12,12,2,Outside,144,Effigies,0
924.94,97.55,12,12,2,Outside,144,Ceramics,0
924.94,97.55,12,12,2,Outside,144,total,0
965.42,105.75,15.5,15.5,2,Outside,240.25,Points,0
965.42,105.75,15.5,15.5,2,Outside,240.25,Abraders,0
965.42,105.75,15.5,15.5,2,Outside,240.25,Discs,0
965.42,105.75,15.5,15.5,2,Outside,240.25,Earplugs,0
965.42,105.75,15.5,15.5,2,Outside,240.25,Effigies,0
965.42,105.75,15.5,15.5,2,Outside,240.25,Ceramics,0
965.42,105.75,15.5,15.5,2,Outside,240.25,total,0
999.67,130.96,13.5,13,2,Outside,175.5,Points,1
999.67,130.96,13.5,13,2,Outside,175.5,Abraders,0
999.67,130.96,13.5,13,2,Outside,175.5,Discs,1
999.67,130.96,13.5,13,2,Outside,175.5,Earplugs,0
999.67,130.96,13.5,13,2,Outside,175.5,Effigies,0
999.67,130.96,13.5,13,2,Outside,175.5,Ceramics,1
999.67,130.96,13.5,13,2,Outside,175.5,total,3
939.14,425.06,13,13,3,Outside,169,Points,8
939.14,425.06,13,13,3,Outside,169,Abraders,0
939.14,425.06,13,13,3,Outside,169,Discs,0
939.14,425.06,13,13,3,Outside,169,Earplugs,0
939.14,425.06,13,13,3,Outside,169,Effigies,0
939.14,425.06,13,13,3,Outside,169,Ceramics,0
939.14,425.06,13,13,3,Outside,169,total,8
852.53,427.6,20,15.5,3,Outside,310,Points,1
852.53,427.6,20,15.5,3,Outside,310,Abraders,0
852.53,427.6,20,15.5,3,Outside,310,Discs,0
852.53,427.6,20,15.5,3,Outside,310,Earplugs,0
852.53,427.6,20,15.5,3,Outside,310,Effigies,0
852.53,427.6,20,15.5,3,Outside,310,Ceramics,2
852.53,427.6,20,15.5,3,Outside,310,total,3
886.21,449.29,14.5,12.5,3,Outside,181.25,Points,0
886.21,449.29,14.5,12.5,3,Outside,181.25,Abraders,0
886.21,449.29,14.5,12.5,3,Outside,181.25,Discs,0
886.21,449.29,14.5,12.5,3,Outside,181.25,Earplugs,0
886.21,449.29,14.5,12.5,3,Outside,181.25,Effigies,0
886.21,449.29,14.5,12.5,3,Outside,181.25,Ceramics,1
886.21,449.29,14.5,12.5,3,Outside,181.25,total,1
963.08,301.56,10,11,3,Outside,110,Points,0
963.08,301.56,10,11,3,Outside,110,Abraders,0
963.08,301.56,10,11,3,Outside,110,Discs,0
963.08,301.56,10,11,3,Outside,110,Earplugs,0
963.08,301.56,10,11,3,Outside,110,Effigies,0
963.08,301.56,10,11,3,Outside,110,Ceramics,0
963.08,301.56,10,11,3,Outside,110,total,0
979.24,271.86,12,13,3,Outside,156,Points,0
979.24,271.86,12,13,3,Outside,156,Abraders,0
979.24,271.86,12,13,3,Outside,156,Discs,0
979.24,271.86,12,13,3,Outside,156,Earplugs,0
979.24,271.86,12,13,3,Outside,156,Effigies,0
979.24,271.86,12,13,3,Outside,156,Ceramics,0
979.24,271.86,12,13,3,Outside,156,total,0
1013.88,181.97,13,11,2,Outside,143,Points,0
1013.88,181.97,13,11,2,Outside,143,Abraders,0
1013.88,181.97,13,11,2,Outside,143,Discs,0
1013.88,181.97,13,11,2,Outside,143,Earplugs,0
1013.88,181.97,13,11,2,Outside,143,Effigies,0
1013.88,181.97,13,11,2,Outside,143,Ceramics,0
1013.88,181.97,13,11,2,Outside,143,total,0
1024.97,170.05,11.5,12.5,2,Outside,143.75,Points,0
1024.97,170.05,11.5,12.5,2,Outside,143.75,Abraders,0
1024.97,170.05,11.5,12.5,2,Outside,143.75,Discs,0
1024.97,170.05,11.5,12.5,2,Outside,143.75,Earplugs,0
1024.97,170.05,11.5,12.5,2,Outside,143.75,Effigies,0
1024.97,170.05,11.5,12.5,2,Outside,143.75,Ceramics,1
1024.97,170.05,11.5,12.5,2,Outside,143.75,total,1
1028.67,147.77,13.5,13.5,2,Outside,182.25,Points,2
1028.67,147.77,13.5,13.5,2,Outside,182.25,Abraders,0
1028.67,147.77,13.5,13.5,2,Outside,182.25,Discs,0
1028.67,147.77,13.5,13.5,2,Outside,182.25,Earplugs,0
1028.67,147.77,13.5,13.5,2,Outside,182.25,Effigies,1
1028.67,147.77,13.5,13.5,2,Outside,182.25,Ceramics,1
1028.67,147.77,13.5,13.5,2,Outside,182.25,total,4
1005.9,106.73,14.5,14.5,2,Outside,210.25,Points,0
1005.9,106.73,14.5,14.5,2,Outside,210.25,Abraders,0
1005.9,106.73,14.5,14.5,2,Outside,210.25,Discs,0
1005.9,106.73,14.5,14.5,2,Outside,210.25,Earplugs,0
1005.9,106.73,14.5,14.5,2,Outside,210.25,Effigies,0
1005.9,106.73,14.5,14.5,2,Outside,210.25,Ceramics,0
1005.9,106.73,14.5,14.5,2,Outside,210.25,total,0
990.92,332.04,12.5,13,3,Outside,162.5,Points,0
990.92,332.04,12.5,13,3,Outside,162.5,Abraders,0
990.92,332.04,12.5,13,3,Outside,162.5,Discs,0
990.92,332.04,12.5,13,3,Outside,162.5,Earplugs,0
990.92,332.04,12.5,13,3,Outside,162.5,Effigies,0
990.92,332.04,12.5,13,3,Outside,162.5,Ceramics,0
990.92,332.04,12.5,13,3,Outside,162.5,total,0
1001.42,314.07,12.5,14.5,3,Outside,181.25,Points,0
1001.42,314.07,12.5,14.5,3,Outside,181.25,Abraders,0
1001.42,314.07,12.5,14.5,3,Outside,181.25,Discs,0
1001.42,314.07,12.5,14.5,3,Outside,181.25,Earplugs,0
1001.42,314.07,12.5,14.5,3,Outside,181.25,Effigies,0
1001.42,314.07,12.5,14.5,3,Outside,181.25,Ceramics,0
1001.42,314.07,12.5,14.5,3,Outside,181.25,total,0
1062.73,176.89,11,12,2,Outside,132,Points,1
1062.73,176.89,11,12,2,Outside,132,Abraders,0
1062.73,176.89,11,12,2,Outside,132,Discs,0
1062.73,176.89,11,12,2,Outside,132,Earplugs,0
1062.73,176.89,11,12,2,Outside,132,Effigies,0
1062.73,176.89,11,12,2,Outside,132,Ceramics,1
1062.73,176.89,11,12,2,Outside,132,total,2
893.41,245.09,16,17,1,Inside,272,Points,8
893.41,245.09,16,17,1,Inside,272,Abraders,0
893.41,245.09,16,17,1,Inside,272,Discs,1
893.41,245.09,16,17,1,Inside,272,Earplugs,0
893.41,245.09,16,17,1,Inside,272,Effigies,0
893.41,245.09,16,17,1,Inside,272,Ceramics,5
893.41,245.09,16,17,1,Inside,272,total,14
880.37,266.97,17.5,16.5,1,Inside,288.85,Points,8
880.37,266.97,17.5,16.5,1,Inside,288.85,Abraders,0
880.37,266.97,17.5,16.5,1,Inside,288.85,Discs,1
880.37,266.97,17.5,16.5,1,Inside,288.85,Earplugs,0
880.37,266.97,17.5,16.5,1,Inside,288.85,Effigies,0
880.37,266.97,17.5,16.5,1,Inside,288.85,Ceramics,3
880.37,266.97,17.5,16.5,1,Inside,288.85,total,12
924.94,266.19,21,22.5,1,Inside,472.5,Points,17
924.94,266.19,21,22.5,1,Inside,472.5,Abraders,0
924.94,266.19,21,22.5,1,Inside,472.5,Discs,1
924.94,266.19,21,22.5,1,Inside,472.5,Earplugs,0
924.94,266.19,21,22.5,1,Inside,472.5,Effigies,0
924.94,266.19,21,22.5,1,Inside,472.5,Ceramics,5
924.94,266.19,21,22.5,1,Inside,472.5,total,23
1011.93,300.97,13.5,14.5,3,Outside,195.75,Points,2
1011.93,300.97,13.5,14.5,3,Outside,195.75,Abraders,0
1011.93,300.97,13.5,14.5,3,Outside,195.75,Discs,1
1011.93,300.97,13.5,14.5,3,Outside,195.75,Earplugs,0
1011.93,300.97,13.5,14.5,3,Outside,195.75,Effigies,0
1011.93,300.97,13.5,14.5,3,Outside,195.75,Ceramics,0
1011.93,300.97,13.5,14.5,3,Outside,195.75,total,3
1028.09,230.23,15.5,16,3,Outside,248,Points,1
1028.09,230.23,15.5,16,3,Outside,248,Abraders,0
1028.09,230.23,15.5,16,3,Outside,248,Discs,0
1028.09,230.23,15.5,16,3,Outside,248,Earplugs,0
1028.09,230.23,15.5,16,3,Outside,248,Effigies,0
1028.09,230.23,15.5,16,3,Outside,248,Ceramics,0
1028.09,230.23,15.5,16,3,Outside,248,total,1
849.23,99.89,12,13.5,2,Outside,162,Points,2
849.23,99.89,12,13.5,2,Outside,162,Abraders,0
849.23,99.89,12,13.5,2,Outside,162,Discs,1
849.23,99.89,12,13.5,2,Outside,162,Earplugs,0
849.23,99.89,12,13.5,2,Outside,162,Effigies,0
849.23,99.89,12,13.5,2,Outside,162,Ceramics,0
849.23,99.89,12,13.5,2,Outside,162,total,3
840.86,105.56,NA,14.5,2,Outside,195.75,Points,2
840.86,105.56,NA,14.5,2,Outside,195.75,Abraders,0
840.86,105.56,NA,14.5,2,Outside,195.75,Discs,0
840.86,105.56,NA,14.5,2,Outside,195.75,Earplugs,0
840.86,105.56,NA,14.5,2,Outside,195.75,Effigies,0
840.86,105.56,NA,14.5,2,Outside,195.75,Ceramics,1
840.86,105.56,NA,14.5,2,Outside,195.75,total,3
948.88,173.76,4,5,2,Outside,20,Points,0
948.88,173.76,4,5,2,Outside,20,Abraders,0
948.88,173.76,4,5,2,Outside,20,Discs,NA
948.88,173.76,4,5,2,Outside,20,Earplugs,0
948.88,173.76,4,5,2,Outside,20,Effigies,0
948.88,173.76,4,5,2,Outside,20,Ceramics,0
948.88,173.76,4,5,2,Outside,20,total,0
905.08,122.36,12,13,2,Outside,156,Points,NA
905.08,122.36,12,13,2,Outside,156,Abraders,0
905.08,122.36,12,13,2,Outside,156,Discs,0
905.08,122.36,12,13,2,Outside,156,Earplugs,0
905.08,122.36,12,13,2,Outside,156,Effigies,0
905.08,122.36,12,13,2,Outside,156,Ceramics,0
905.08,122.36,12,13,2,Outside,156,total,0
780.91,317.78,13.5,11.5,1,Inside,155.25,Points,1
780.91,317.78,13.5,11.5,1,Inside,155.25,Abraders,0
780.91,317.78,13.5,11.5,1,Inside,155.25,Discs,0
780.91,317.78,13.5,11.5,1,Inside,155.25,Earplugs,0
780.91,317.78,13.5,11.5,1,Inside,155.25,Effigies,0
780.91,317.78,13.5,11.5,1,Inside,155.25,Ceramics,0
780.91,317.78,13.5,11.5,1,Inside,155.25,total,1
